0 verbose cli C:\Program Files\nodejs\node.exe C:\Program Files\nodejs\node_modules\npm\bin\npm-cli.js
1 info using npm@10.9.3
2 info using node@v22.19.0
3 silly config load:file:C:\Program Files\nodejs\node_modules\npm\npmrc
4 silly config load:file:D:\Downloads\ngo\.npmrc
5 silly config load:file:C:\Users\Sakshi\.npmrc
6 silly config load:file:C:\Users\Sakshi\AppData\Roaming\npm\etc\npmrc
7 verbose config error loading global config Error: EPERM: operation not permitted, open 'C:\Users\Sakshi\AppData\Roaming\npm\etc\npmrc'
7 verbose config     at async open (node:internal/fs/promises:641:25)
7 verbose config     at async readFile (node:internal/fs/promises:1245:14)
7 verbose config     at async #loadFile (C:\Program Files\nodejs\node_modules\npm\node_modules\@npmcli\config\lib\index.js:589:5)
7 verbose config     at async Config.load (C:\Program Files\nodejs\node_modules\npm\node_modules\@npmcli\config\lib\index.js:253:5)
7 verbose config     at async #load (C:\Program Files\nodejs\node_modules\npm\lib\npm.js:98:5)
7 verbose config     at async Npm.load (C:\Program Files\nodejs\node_modules\npm\lib\npm.js:80:14)
7 verbose config     at async module.exports (C:\Program Files\nodejs\node_modules\npm\lib\cli\entry.js:42:37) {
7 verbose config   errno: -4048,
7 verbose config   code: 'EPERM',
7 verbose config   syscall: 'open',
7 verbose config   path: 'C:\\Users\\Sakshi\\AppData\\Roaming\\npm\\etc\\npmrc'
7 verbose config }
8 verbose title npm install
9 verbose argv "install" "--no-audit" "--no-fund" "--fetch-retries" "1" "--fetch-timeout" "30000"
10 verbose logfile logs-max:10 dir:D:\Downloads\ngo\.npm-cache\_logs\2026-09-26T09_46_03_968Z-
11 verbose logfile D:\Downloads\ngo\.npm-cache\_logs\2026-09-26T09_46_03_968Z-debug-0.log
12 silly logfile done cleaning log files
13 silly packumentCache heap:4345298944 maxSize:1086324736 maxEntrySize:543162368
14 silly idealTree buildDeps
15 silly fetch manifest react@^18.3.1
16 silly packumentCache full:https://registry.npmjs.org/react cache-miss
17 http fetch GET 200 https://registry.npmjs.org/react 354ms (cache revalidated)
18 silly packumentCache full:https://registry.npmjs.org/react set size:7006748 disposed:false
19 silly fetch manifest react-dom@^18.3.1
20 silly packumentCache full:https://registry.npmjs.org/react-dom cache-miss
21 http fetch GET 200 https://registry.npmjs.org/react-dom 61ms (cache revalidated)
22 silly packumentCache full:https://registry.npmjs.org/react-dom set size:9440025 disposed:false
23 silly fetch manifest react-router-dom@^6.28.0
24 silly packumentCache full:https://registry.npmjs.org/react-router-dom cache-miss
25 http fetch GET 200 https://registry.npmjs.org/react-router-dom 42ms (cache revalidated)
26 silly packumentCache full:https://registry.npmjs.org/react-router-dom set size:2902016 disposed:false
27 silly fetch manifest @vitejs/plugin-react@^4.3.4
28 silly packumentCache full:https://registry.npmjs.org/@vitejs%2fplugin-react cache-miss
29 http fetch GET 200 https://registry.npmjs.org/@vitejs%2fplugin-react 57ms (cache revalidated)
30 silly packumentCache full:https://registry.npmjs.org/@vitejs%2fplugin-react set size:284195 disposed:false
31 silly fetch manifest vite@^5.4.11
32 silly packumentCache full:https://registry.npmjs.org/vite cache-miss
33 http fetch GET 200 https://registry.npmjs.org/vite 7978ms (cache miss)
34 silly packumentCache full:https://registry.npmjs.org/vite set size:undefined disposed:false
35 silly fetch manifest @types/node@^18.0.0 || >=20.0.0
36 silly packumentCache full:https://registry.npmjs.org/@types%2fnode cache-miss
37 http fetch GET 200 https://registry.npmjs.org/@types%2fnode 1687ms (cache miss)
38 silly packumentCache full:https://registry.npmjs.org/@types%2fnode set size:undefined disposed:false
39 silly fetch manifest less@*
40 silly packumentCache full:https://registry.npmjs.org/less cache-miss
41 http fetch GET 200 https://registry.npmjs.org/less 109ms (cache miss)
42 silly packumentCache full:https://registry.npmjs.org/less set size:undefined disposed:false
43 silly fetch manifest lightningcss@^1.21.0
44 silly packumentCache full:https://registry.npmjs.org/lightningcss cache-miss
45 http fetch GET 200 https://registry.npmjs.org/lightningcss 81ms (cache miss)
46 silly packumentCache full:https://registry.npmjs.org/lightningcss set size:undefined disposed:false
47 silly fetch manifest sass@*
48 silly packumentCache full:https://registry.npmjs.org/sass cache-miss
49 http fetch GET 200 https://registry.npmjs.org/sass 273ms (cache miss)
50 silly packumentCache full:https://registry.npmjs.org/sass set size:undefined disposed:false
51 silly fetch manifest sass-embedded@*
52 silly packumentCache full:https://registry.npmjs.org/sass-embedded cache-miss
53 http fetch GET 200 https://registry.npmjs.org/sass-embedded 178ms (cache miss)
54 silly packumentCache full:https://registry.npmjs.org/sass-embedded set size:undefined disposed:false
55 silly fetch manifest stylus@*
56 silly packumentCache full:https://registry.npmjs.org/stylus cache-miss
57 http fetch GET 200 https://registry.npmjs.org/stylus 86ms (cache miss)
58 silly packumentCache full:https://registry.npmjs.org/stylus set size:undefined disposed:false
59 silly fetch manifest sugarss@*
60 silly packumentCache full:https://registry.npmjs.org/sugarss cache-miss
61 http fetch GET 200 https://registry.npmjs.org/sugarss 55ms (cache miss)
62 silly packumentCache full:https://registry.npmjs.org/sugarss set size:undefined disposed:false
63 silly fetch manifest postcss@^8.4.49
64 silly packumentCache full:https://registry.npmjs.org/postcss cache-miss
65 http fetch GET 200 https://registry.npmjs.org/postcss 311ms (cache miss)
66 silly packumentCache full:https://registry.npmjs.org/postcss set size:undefined disposed:false
67 silly fetch manifest terser@^5.4.0
68 silly packumentCache full:https://registry.npmjs.org/terser cache-miss
69 http fetch GET 200 https://registry.npmjs.org/terser 259ms (cache miss)
70 silly packumentCache full:https://registry.npmjs.org/terser set size:undefined disposed:false
71 silly fetch manifest autoprefixer@^10.4.20
72 silly packumentCache full:https://registry.npmjs.org/autoprefixer cache-miss
73 http fetch GET 200 https://registry.npmjs.org/autoprefixer 249ms (cache miss)
74 silly packumentCache full:https://registry.npmjs.org/autoprefixer set size:undefined disposed:false
75 silly fetch manifest tailwindcss@^3.4.17
76 silly packumentCache full:https://registry.npmjs.org/tailwindcss cache-miss
77 http fetch GET 200 https://registry.npmjs.org/tailwindcss 1525ms (cache miss)
78 silly packumentCache full:https://registry.npmjs.org/tailwindcss set size:undefined disposed:false
79 silly placeDep ROOT @vitejs/plugin-react@4.7.0 OK for: rewaste-platform@1.0.0 want: ^4.3.4
80 silly placeDep ROOT vite@5.4.21 OK for: @vitejs/plugin-react@4.7.0 want: ^4.2.0 || ^5.0.0 || ^6.0.0 || ^7.0.0
81 silly placeDep ROOT autoprefixer@10.6.1 OK for: rewaste-platform@1.0.0 want: ^10.4.20
82 silly placeDep ROOT postcss@8.5.28 OK for: autoprefixer@10.6.1 want: ^8.1.0
83 silly placeDep ROOT react@18.3.1 OK for: rewaste-platform@1.0.0 want: ^18.3.1
84 silly placeDep ROOT react-dom@18.3.1 OK for: rewaste-platform@1.0.0 want: ^18.3.1
85 silly placeDep ROOT react-router-dom@6.30.6 OK for: rewaste-platform@1.0.0 want: ^6.28.0
86 silly placeDep ROOT tailwindcss@3.4.19 OK for: rewaste-platform@1.0.0 want: ^3.4.17
87 silly fetch manifest @babel/core@^7.28.0
88 silly packumentCache full:https://registry.npmjs.org/@babel%2fcore cache-miss
89 silly fetch manifest react-refresh@^0.17.0
90 silly packumentCache full:https://registry.npmjs.org/react-refresh cache-miss
91 silly fetch manifest @types/babel__core@^7.20.5
92 silly packumentCache full:https://registry.npmjs.org/@types%2fbabel__core cache-miss
93 silly fetch manifest @rolldown/pluginutils@1.0.0-beta.27
94 silly packumentCache full:https://registry.npmjs.org/@rolldown%2fpluginutils cache-miss
95 silly fetch manifest @babel/plugin-transform-react-jsx-self@^7.27.1
96 silly packumentCache full:https://registry.npmjs.org/@babel%2fplugin-transform-react-jsx-self cache-miss
97 silly fetch manifest @babel/plugin-transform-react-jsx-source@^7.27.1
98 silly packumentCache full:https://registry.npmjs.org/@babel%2fplugin-transform-react-jsx-source cache-miss
99 silly fetch manifest rollup@^4.20.0
100 silly packumentCache full:https://registry.npmjs.org/rollup cache-miss
101 silly fetch manifest esbuild@^0.21.3
102 silly packumentCache full:https://registry.npmjs.org/esbuild cache-miss
103 silly fetch manifest postcss@^8.4.43
104 silly packumentCache full:https://registry.npmjs.org/postcss cache-miss
105 silly fetch manifest fsevents@~2.3.3
106 silly packumentCache full:https://registry.npmjs.org/fsevents cache-miss
107 silly fetch manifest picocolors@^1.1.1
108 silly packumentCache full:https://registry.npmjs.org/picocolors cache-miss
109 silly fetch manifest fraction.js@^5.3.4
110 silly packumentCache full:https://registry.npmjs.org/fraction.js cache-miss
111 silly fetch manifest browserslist@^4.28.9
112 silly packumentCache full:https://registry.npmjs.org/browserslist cache-miss
113 silly fetch manifest caniuse-lite@^1.0.30001810
114 silly packumentCache full:https://registry.npmjs.org/caniuse-lite cache-miss
115 silly fetch manifest postcss-value-parser@^4.2.0
116 silly packumentCache full:https://registry.npmjs.org/postcss-value-parser cache-miss
117 http cache https://registry.npmjs.org/postcss 62ms (cache hit)
118 silly packumentCache full:https://registry.npmjs.org/postcss set size:766699 disposed:false
119 silly fetch manifest nanoid@^3.3.18
120 silly packumentCache full:https://registry.npmjs.org/nanoid cache-miss
121 http fetch GET 200 https://registry.npmjs.org/@babel%2fcore 187ms (cache miss)
122 silly packumentCache full:https://registry.npmjs.org/@babel%2fcore set size:undefined disposed:false
123 silly fetch manifest picocolors@^1.1.1
124 silly packumentCache full:https://registry.npmjs.org/picocolors cache-miss
125 http fetch GET 200 https://registry.npmjs.org/@rolldown%2fpluginutils 244ms (cache miss)
126 silly packumentCache full:https://registry.npmjs.org/@rolldown%2fpluginutils set size:undefined disposed:false
127 silly fetch manifest source-map-js@^1.2.1
128 silly packumentCache full:https://registry.npmjs.org/source-map-js cache-miss
129 http fetch GET 200 https://registry.npmjs.org/@babel%2fplugin-transform-react-jsx-source 283ms (cache miss)
130 silly packumentCache full:https://registry.npmjs.org/@babel%2fplugin-transform-react-jsx-source set size:undefined disposed:false
131 silly fetch manifest loose-envify@^1.1.0
132 silly packumentCache full:https://registry.npmjs.org/loose-envify cache-miss
133 http fetch GET 200 https://registry.npmjs.org/fsevents 283ms (cache miss)
134 silly packumentCache full:https://registry.npmjs.org/fsevents set size:undefined disposed:false
135 silly fetch manifest scheduler@^0.23.2
136 silly packumentCache full:https://registry.npmjs.org/scheduler cache-miss
137 http fetch GET 200 https://registry.npmjs.org/picocolors 107ms (cache miss)
138 silly packumentCache full:https://registry.npmjs.org/picocolors set size:undefined disposed:false
139 silly fetch manifest loose-envify@^1.1.0
140 silly packumentCache full:https://registry.npmjs.org/loose-envify cache-miss
141 http fetch GET 200 https://registry.npmjs.org/@types%2fbabel__core 298ms (cache miss)
142 silly packumentCache full:https://registry.npmjs.org/@types%2fbabel__core set size:undefined disposed:false
143 silly fetch manifest react-router@6.30.6
144 silly packumentCache full:https://registry.npmjs.org/react-router cache-miss
145 http fetch GET 200 https://registry.npmjs.org/@babel%2fplugin-transform-react-jsx-self 327ms (cache miss)
146 silly packumentCache full:https://registry.npmjs.org/@babel%2fplugin-transform-react-jsx-self set size:undefined disposed:false
147 silly fetch manifest @remix-run/router@1.23.4
148 silly packumentCache full:https://registry.npmjs.org/@remix-run%2frouter cache-miss
149 http fetch GET 200 https://registry.npmjs.org/fraction.js 398ms (cache miss)
150 silly packumentCache full:https://registry.npmjs.org/fraction.js set size:undefined disposed:false
151 silly fetch manifest arg@^5.0.2
152 silly packumentCache full:https://registry.npmjs.org/arg cache-miss
153 http fetch GET 200 https://registry.npmjs.org/postcss-value-parser 404ms (cache miss)
154 silly packumentCache full:https://registry.npmjs.org/postcss-value-parser set size:undefined disposed:false
155 silly fetch manifest dlv@^1.1.3
156 silly packumentCache full:https://registry.npmjs.org/dlv cache-miss
157 http fetch GET 200 https://registry.npmjs.org/source-map-js 174ms (cache miss)
158 silly packumentCache full:https://registry.npmjs.org/source-map-js set size:undefined disposed:false
159 silly fetch manifest jiti@^1.21.7
160 silly packumentCache full:https://registry.npmjs.org/jiti cache-miss
161 http fetch GET 200 https://registry.npmjs.org/picocolors 505ms (cache miss)
162 silly packumentCache full:https://registry.npmjs.org/picocolors set size:undefined disposed:false
163 silly fetch manifest is-glob@^4.0.3
164 silly packumentCache full:https://registry.npmjs.org/is-glob cache-miss
165 http fetch GET 200 https://registry.npmjs.org/loose-envify 229ms (cache miss)
166 silly packumentCache full:https://registry.npmjs.org/loose-envify set size:undefined disposed:false
167 silly fetch manifest resolve@^1.22.8
168 silly packumentCache full:https://registry.npmjs.org/resolve cache-miss
169 http fetch GET 200 https://registry.npmjs.org/loose-envify 216ms (cache miss)
170 silly packumentCache full:https://registry.npmjs.org/loose-envify set size:undefined disposed:false
171 silly fetch manifest sucrase@^3.35.0
172 silly packumentCache full:https://registry.npmjs.org/sucrase cache-miss
173 http fetch GET 200 https://registry.npmjs.org/nanoid 518ms (cache miss)
174 silly packumentCache full:https://registry.npmjs.org/nanoid set size:undefined disposed:false
175 silly fetch manifest chokidar@^3.6.0
176 silly packumentCache full:https://registry.npmjs.org/chokidar cache-miss
177 http fetch GET 200 https://registry.npmjs.org/dlv 191ms (cache miss)
178 silly packumentCache full:https://registry.npmjs.org/dlv set size:undefined disposed:false
179 silly fetch manifest fast-glob@^3.3.2
180 silly packumentCache full:https://registry.npmjs.org/fast-glob cache-miss
181 http fetch GET 200 https://registry.npmjs.org/arg 200ms (cache miss)
182 silly packumentCache full:https://registry.npmjs.org/arg set size:undefined disposed:false
183 silly fetch manifest lilconfig@^3.1.3
184 silly packumentCache full:https://registry.npmjs.org/lilconfig cache-miss
185 http fetch GET 200 https://registry.npmjs.org/browserslist 615ms (cache miss)
186 silly packumentCache full:https://registry.npmjs.org/browserslist set size:undefined disposed:false
187 silly fetch manifest didyoumean@^1.2.2
188 silly packumentCache full:https://registry.npmjs.org/didyoumean cache-miss
189 http fetch GET 200 https://registry.npmjs.org/is-glob 142ms (cache miss)
190 silly packumentCache full:https://registry.npmjs.org/is-glob set size:undefined disposed:false
191 silly fetch manifest micromatch@^4.0.8
192 silly packumentCache full:https://registry.npmjs.org/micromatch cache-miss
193 http fetch GET 200 https://registry.npmjs.org/resolve 172ms (cache miss)
194 silly packumentCache full:https://registry.npmjs.org/resolve set size:undefined disposed:false
195 silly fetch manifest postcss-js@^4.0.1
196 silly packumentCache full:https://registry.npmjs.org/postcss-js cache-miss
197 http fetch GET 200 https://registry.npmjs.org/fast-glob 240ms (cache miss)
198 silly packumentCache full:https://registry.npmjs.org/fast-glob set size:undefined disposed:false
199 silly fetch manifest glob-parent@^6.0.2
200 silly packumentCache full:https://registry.npmjs.org/glob-parent cache-miss
201 http fetch GET 200 https://registry.npmjs.org/chokidar 251ms (cache miss)
202 silly packumentCache full:https://registry.npmjs.org/chokidar set size:undefined disposed:false
203 silly fetch manifest object-hash@^3.0.0
204 silly packumentCache full:https://registry.npmjs.org/object-hash cache-miss
205 http fetch GET 200 https://registry.npmjs.org/lilconfig 250ms (cache miss)
206 silly packumentCache full:https://registry.npmjs.org/lilconfig set size:undefined disposed:false
207 silly fetch manifest normalize-path@^3.0.0
208 silly packumentCache full:https://registry.npmjs.org/normalize-path cache-miss
209 http fetch GET 200 https://registry.npmjs.org/didyoumean 257ms (cache miss)
210 silly packumentCache full:https://registry.npmjs.org/didyoumean set size:undefined disposed:false
211 silly fetch manifest postcss-import@^15.1.0
212 silly packumentCache full:https://registry.npmjs.org/postcss-import cache-miss
213 http fetch GET 200 https://registry.npmjs.org/sucrase 398ms (cache miss)
214 silly packumentCache full:https://registry.npmjs.org/sucrase set size:undefined disposed:false
215 silly fetch manifest postcss-nested@^6.2.0
216 silly packumentCache full:https://registry.npmjs.org/postcss-nested cache-miss
217 http fetch GET 200 https://registry.npmjs.org/postcss-js 233ms (cache miss)
218 silly packumentCache full:https://registry.npmjs.org/postcss-js set size:undefined disposed:false
219 silly fetch manifest @alloc/quick-lru@^5.2.0
220 silly packumentCache full:https://registry.npmjs.org/@alloc%2fquick-lru cache-miss
221 http fetch GET 200 https://registry.npmjs.org/glob-parent 176ms (cache miss)
222 silly packumentCache full:https://registry.npmjs.org/glob-parent set size:undefined disposed:false
223 silly fetch manifest postcss-load-config@^4.0.2 || ^5.0 || ^6.0
224 silly packumentCache full:https://registry.npmjs.org/postcss-load-config cache-miss
225 http fetch GET 200 https://registry.npmjs.org/object-hash 210ms (cache miss)
226 silly packumentCache full:https://registry.npmjs.org/object-hash set size:undefined disposed:false
227 silly fetch manifest postcss-selector-parser@^6.1.2
228 silly packumentCache full:https://registry.npmjs.org/postcss-selector-parser cache-miss
229 http fetch GET 200 https://registry.npmjs.org/normalize-path 210ms (cache miss)
230 silly packumentCache full:https://registry.npmjs.org/normalize-path set size:undefined disposed:false
231 http fetch GET 200 https://registry.npmjs.org/micromatch 473ms (cache miss)
232 silly packumentCache full:https://registry.npmjs.org/micromatch set size:undefined disposed:false
233 http fetch GET 200 https://registry.npmjs.org/postcss-nested 245ms (cache miss)
234 silly packumentCache full:https://registry.npmjs.org/postcss-nested set size:undefined disposed:false
235 http fetch GET 200 https://registry.npmjs.org/@alloc%2fquick-lru 240ms (cache miss)
236 silly packumentCache full:https://registry.npmjs.org/@alloc%2fquick-lru set size:undefined disposed:false
237 http fetch GET 200 https://registry.npmjs.org/postcss-load-config 239ms (cache miss)
238 silly packumentCache full:https://registry.npmjs.org/postcss-load-config set size:undefined disposed:false
239 http fetch GET 200 https://registry.npmjs.org/jiti 882ms (cache miss)
240 silly packumentCache full:https://registry.npmjs.org/jiti set size:undefined disposed:false
241 http fetch GET 200 https://registry.npmjs.org/@remix-run%2frouter 1025ms (cache miss)
242 silly packumentCache full:https://registry.npmjs.org/@remix-run%2frouter set size:undefined disposed:false
243 http fetch GET 200 https://registry.npmjs.org/esbuild 1448ms (cache miss)
244 silly packumentCache full:https://registry.npmjs.org/esbuild set size:undefined disposed:false
245 http fetch GET 200 https://registry.npmjs.org/postcss-selector-parser 485ms (cache miss)
246 silly packumentCache full:https://registry.npmjs.org/postcss-selector-parser set size:undefined disposed:false
247 http fetch GET 200 https://registry.npmjs.org/react-router 1303ms (cache miss)
248 silly packumentCache full:https://registry.npmjs.org/react-router set size:undefined disposed:false
249 http fetch GET 200 https://registry.npmjs.org/caniuse-lite 1960ms (cache miss)
250 silly packumentCache full:https://registry.npmjs.org/caniuse-lite set size:undefined disposed:false
251 http fetch GET 200 https://registry.npmjs.org/rollup 2520ms (cache miss)
252 silly packumentCache full:https://registry.npmjs.org/rollup set size:undefined disposed:false
253 http fetch GET 200 https://registry.npmjs.org/postcss-import 1810ms (cache miss)
254 silly packumentCache full:https://registry.npmjs.org/postcss-import set size:undefined disposed:false
255 http fetch GET 200 https://registry.npmjs.org/react-refresh 4078ms (cache miss)
256 silly packumentCache full:https://registry.npmjs.org/react-refresh set size:undefined disposed:false
257 http fetch GET 200 https://registry.npmjs.org/scheduler 3896ms (cache miss)
258 silly packumentCache full:https://registry.npmjs.org/scheduler set size:undefined disposed:false
259 silly placeDep ROOT @babel/core@7.29.7 OK for: @vitejs/plugin-react@4.7.0 want: ^7.28.0
260 silly placeDep ROOT @babel/plugin-transform-react-jsx-self@7.29.7 OK for: @vitejs/plugin-react@4.7.0 want: ^7.27.1
261 silly placeDep ROOT @babel/plugin-transform-react-jsx-source@7.29.7 OK for: @vitejs/plugin-react@4.7.0 want: ^7.27.1
262 silly placeDep ROOT @rolldown/pluginutils@1.0.0-beta.27 OK for: @vitejs/plugin-react@4.7.0 want: 1.0.0-beta.27
263 silly placeDep ROOT @types/babel__core@7.20.5 OK for: @vitejs/plugin-react@4.7.0 want: ^7.20.5
264 silly placeDep ROOT react-refresh@0.17.0 OK for: @vitejs/plugin-react@4.7.0 want: ^0.17.0
265 silly fetch manifest debug@^4.1.0
266 silly packumentCache full:https://registry.npmjs.org/debug cache-miss
267 silly fetch manifest json5@^2.2.3
268 silly packumentCache full:https://registry.npmjs.org/json5 cache-miss
269 silly fetch manifest semver@^6.3.1
270 silly packumentCache full:https://registry.npmjs.org/semver cache-miss
271 silly fetch manifest gensync@^1.0.0-beta.2
272 silly packumentCache full:https://registry.npmjs.org/gensync cache-miss
273 silly fetch manifest @babel/types@^7.29.7
274 silly packumentCache full:https://registry.npmjs.org/@babel%2ftypes cache-miss
275 silly fetch manifest @babel/parser@^7.29.7
276 silly packumentCache full:https://registry.npmjs.org/@babel%2fparser cache-miss
277 silly fetch manifest @babel/helpers@^7.29.7
278 silly packumentCache full:https://registry.npmjs.org/@babel%2fhelpers cache-miss
279 silly fetch manifest @babel/template@^7.29.7
280 silly packumentCache full:https://registry.npmjs.org/@babel%2ftemplate cache-miss
281 silly fetch manifest @babel/traverse@^7.29.7
282 silly packumentCache full:https://registry.npmjs.org/@babel%2ftraverse cache-miss
283 silly fetch manifest @babel/generator@^7.29.7
284 silly packumentCache full:https://registry.npmjs.org/@babel%2fgenerator cache-miss
285 silly fetch manifest @babel/code-frame@^7.29.7
286 silly packumentCache full:https://registry.npmjs.org/@babel%2fcode-frame cache-miss
287 silly fetch manifest convert-source-map@^2.0.0
288 silly packumentCache full:https://registry.npmjs.org/convert-source-map cache-miss
289 silly fetch manifest @jridgewell/remapping@^2.3.5
290 silly packumentCache full:https://registry.npmjs.org/@jridgewell%2fremapping cache-miss
291 silly fetch manifest @babel/helper-module-transforms@^7.29.7
292 silly packumentCache full:https://registry.npmjs.org/@babel%2fhelper-module-transforms cache-miss
293 silly fetch manifest @babel/helper-compilation-targets@^7.29.7
294 silly packumentCache full:https://registry.npmjs.org/@babel%2fhelper-compilation-targets cache-miss
295 http fetch GET 200 https://registry.npmjs.org/gensync 55ms (cache miss)
296 silly packumentCache full:https://registry.npmjs.org/gensync set size:undefined disposed:false
297 silly fetch manifest @babel/helper-plugin-utils@^7.29.7
298 silly packumentCache full:https://registry.npmjs.org/@babel%2fhelper-plugin-utils cache-miss
299 http fetch GET 200 https://registry.npmjs.org/json5 59ms (cache miss)
300 silly packumentCache full:https://registry.npmjs.org/json5 set size:undefined disposed:false
301 silly fetch manifest @babel/helper-plugin-utils@^7.29.7
302 silly packumentCache full:https://registry.npmjs.org/@babel%2fhelper-plugin-utils cache-miss
303 http fetch GET 200 https://registry.npmjs.org/convert-source-map 164ms (cache miss)
304 silly packumentCache full:https://registry.npmjs.org/convert-source-map set size:undefined disposed:false
305 silly fetch manifest @babel/types@^7.20.7
306 silly packumentCache full:https://registry.npmjs.org/@babel%2ftypes cache-miss
307 http fetch GET 200 https://registry.npmjs.org/@babel%2fhelper-plugin-utils 151ms (cache miss)
308 silly packumentCache full:https://registry.npmjs.org/@babel%2fhelper-plugin-utils set size:undefined disposed:false
309 silly fetch manifest @babel/parser@^7.20.7
310 silly packumentCache full:https://registry.npmjs.org/@babel%2fparser cache-miss
311 http fetch GET 200 https://registry.npmjs.org/@babel%2ftemplate 248ms (cache miss)
312 silly packumentCache full:https://registry.npmjs.org/@babel%2ftemplate set size:undefined disposed:false
313 silly fetch manifest @types/babel__template@*
314 silly packumentCache full:https://registry.npmjs.org/@types%2fbabel__template cache-miss
315 http fetch GET 200 https://registry.npmjs.org/@jridgewell%2fremapping 268ms (cache miss)
316 silly packumentCache full:https://registry.npmjs.org/@jridgewell%2fremapping set size:undefined disposed:false
317 silly fetch manifest @types/babel__traverse@*
318 silly packumentCache full:https://registry.npmjs.org/@types%2fbabel__traverse cache-miss
319 http fetch GET 200 https://registry.npmjs.org/@babel%2fcode-frame 272ms (cache miss)
320 silly packumentCache full:https://registry.npmjs.org/@babel%2fcode-frame set size:undefined disposed:false
321 silly fetch manifest @types/babel__generator@*
322 silly packumentCache full:https://registry.npmjs.org/@types%2fbabel__generator cache-miss
323 http fetch GET 200 https://registry.npmjs.org/semver 277ms (cache miss)
324 silly packumentCache full:https://registry.npmjs.org/semver set size:undefined disposed:false
325 http fetch GET 200 https://registry.npmjs.org/@babel%2fhelper-plugin-utils 224ms (cache miss)
326 silly packumentCache full:https://registry.npmjs.org/@babel%2fhelper-plugin-utils set size:undefined disposed:false
327 http fetch GET 200 https://registry.npmjs.org/@babel%2fhelpers 294ms (cache miss)
328 silly packumentCache full:https://registry.npmjs.org/@babel%2fhelpers set size:undefined disposed:false
329 http fetch GET 200 https://registry.npmjs.org/@babel%2ftypes 310ms (cache miss)
330 silly packumentCache full:https://registry.npmjs.org/@babel%2ftypes set size:undefined disposed:false
331 http fetch GET 200 https://registry.npmjs.org/@babel%2fgenerator 325ms (cache miss)
332 silly packumentCache full:https://registry.npmjs.org/@babel%2fgenerator set size:undefined disposed:false
333 http fetch GET 200 https://registry.npmjs.org/debug 331ms (cache miss)
334 silly packumentCache full:https://registry.npmjs.org/debug set size:undefined disposed:false
335 http fetch GET 200 https://registry.npmjs.org/@babel%2fparser 336ms (cache miss)
336 silly packumentCache full:https://registry.npmjs.org/@babel%2fparser set size:undefined disposed:false
337 http fetch GET 200 https://registry.npmjs.org/@babel%2fhelper-module-transforms 342ms (cache miss)
338 silly packumentCache full:https://registry.npmjs.org/@babel%2fhelper-module-transforms set size:undefined disposed:false
339 http fetch GET 200 https://registry.npmjs.org/@types%2fbabel__generator 112ms (cache miss)
340 silly packumentCache full:https://registry.npmjs.org/@types%2fbabel__generator set size:undefined disposed:false
341 http fetch GET 200 https://registry.npmjs.org/@types%2fbabel__template 168ms (cache miss)
342 silly packumentCache full:https://registry.npmjs.org/@types%2fbabel__template set size:undefined disposed:false
343 http fetch GET 200 https://registry.npmjs.org/@babel%2fhelper-compilation-targets 474ms (cache miss)
344 silly packumentCache full:https://registry.npmjs.org/@babel%2fhelper-compilation-targets set size:undefined disposed:false
345 http fetch GET 200 https://registry.npmjs.org/@babel%2ftraverse 479ms (cache miss)
346 silly packumentCache full:https://registry.npmjs.org/@babel%2ftraverse set size:undefined disposed:false
347 http fetch GET 200 https://registry.npmjs.org/@types%2fbabel__traverse 226ms (cache miss)
348 silly packumentCache full:https://registry.npmjs.org/@types%2fbabel__traverse set size:undefined disposed:false
349 http fetch GET 200 https://registry.npmjs.org/@babel%2ftypes 406ms (cache miss)
350 silly packumentCache full:https://registry.npmjs.org/@babel%2ftypes set size:undefined disposed:false
351 http fetch GET 200 https://registry.npmjs.org/@babel%2fparser 364ms (cache miss)
352 silly packumentCache full:https://registry.npmjs.org/@babel%2fparser set size:undefined disposed:false
353 silly fetch manifest @babel/core@^7.0.0
354 silly packumentCache full:https://registry.npmjs.org/@babel%2fcore cache-miss
355 http cache https://registry.npmjs.org/@babel%2fcore 6ms (cache hit)
356 silly packumentCache full:https://registry.npmjs.org/@babel%2fcore set size:797193 disposed:false
357 silly placeDep ROOT @babel/code-frame@7.29.7 OK for: @babel/core@7.29.7 want: ^7.29.7
358 silly placeDep ROOT @babel/generator@7.29.8 OK for: @babel/core@7.29.7 want: ^7.29.7
359 silly placeDep ROOT @babel/helper-compilation-targets@7.29.7 OK for: @babel/core@7.29.7 want: ^7.29.7
360 silly placeDep ROOT @babel/helper-module-transforms@7.29.7 OK for: @babel/core@7.29.7 want: ^7.29.7
361 silly placeDep ROOT @babel/helpers@7.29.7 OK for: @babel/core@7.29.7 want: ^7.29.7
362 silly placeDep ROOT @babel/parser@7.29.9 OK for: @babel/core@7.29.7 want: ^7.29.7
363 silly placeDep ROOT @babel/template@7.29.7 OK for: @babel/core@7.29.7 want: ^7.29.7
364 silly placeDep ROOT @babel/traverse@7.29.8 OK for: @babel/core@7.29.7 want: ^7.29.7
365 silly placeDep ROOT @babel/types@7.29.8 OK for: @babel/core@7.29.7 want: ^7.29.7
366 silly placeDep ROOT @jridgewell/remapping@2.3.5 OK for: @babel/core@7.29.7 want: ^2.3.5
367 silly placeDep ROOT convert-source-map@2.0.0 OK for: @babel/core@7.29.7 want: ^2.0.0
368 silly placeDep ROOT debug@4.4.3 OK for: @babel/core@7.29.7 want: ^4.1.0
369 silly placeDep ROOT gensync@1.0.0-beta.2 OK for: @babel/core@7.29.7 want: ^1.0.0-beta.2
370 silly placeDep ROOT json5@2.2.3 OK for: @babel/core@7.29.7 want: ^2.2.3
371 silly placeDep ROOT semver@6.3.1 OK for: @babel/core@7.29.7 want: ^6.3.1
372 silly fetch manifest js-tokens@^4.0.0
373 silly packumentCache full:https://registry.npmjs.org/js-tokens cache-miss
374 silly fetch manifest @babel/helper-validator-identifier@^7.29.7
375 silly packumentCache full:https://registry.npmjs.org/@babel%2fhelper-validator-identifier cache-miss
376 silly fetch manifest jsesc@^3.0.2
377 silly packumentCache full:https://registry.npmjs.org/jsesc cache-miss
378 silly fetch manifest @babel/types@^7.29.8
379 silly packumentCache full:https://registry.npmjs.org/@babel%2ftypes cache-miss
380 silly fetch manifest @babel/parser@^7.29.8
381 silly packumentCache full:https://registry.npmjs.org/@babel%2fparser cache-miss
382 silly fetch manifest @jridgewell/gen-mapping@^0.3.12
383 silly packumentCache full:https://registry.npmjs.org/@jridgewell%2fgen-mapping cache-miss
384 silly fetch manifest @jridgewell/trace-mapping@^0.3.28
385 silly packumentCache full:https://registry.npmjs.org/@jridgewell%2ftrace-mapping cache-miss
386 silly fetch manifest lru-cache@^5.1.1
387 silly packumentCache full:https://registry.npmjs.org/lru-cache cache-miss
388 silly fetch manifest browserslist@^4.24.0
389 silly packumentCache full:https://registry.npmjs.org/browserslist cache-miss
390 silly fetch manifest @babel/compat-data@^7.29.7
391 silly packumentCache full:https://registry.npmjs.org/@babel%2fcompat-data cache-miss
392 silly fetch manifest @babel/helper-validator-option@^7.29.7
393 silly packumentCache full:https://registry.npmjs.org/@babel%2fhelper-validator-option cache-miss
394 silly fetch manifest @babel/helper-module-imports@^7.29.7
395 silly packumentCache full:https://registry.npmjs.org/@babel%2fhelper-module-imports cache-miss
396 silly fetch manifest @babel/helper-validator-identifier@^7.29.7
397 silly packumentCache full:https://registry.npmjs.org/@babel%2fhelper-validator-identifier cache-miss
398 silly fetch manifest @babel/types@^7.29.8
399 silly packumentCache full:https://registry.npmjs.org/@babel%2ftypes cache-miss
400 silly fetch manifest debug@^4.3.1
401 silly packumentCache full:https://registry.npmjs.org/debug cache-miss
402 http cache https://registry.npmjs.org/debug 10ms (cache hit)
403 silly packumentCache full:https://registry.npmjs.org/debug set size:195840 disposed:false
404 silly fetch manifest @babel/types@^7.29.8
405 silly packumentCache full:https://registry.npmjs.org/@babel%2ftypes cache-miss
406 http cache https://registry.npmjs.org/@babel%2fparser 16ms (cache hit)
407 silly packumentCache full:https://registry.npmjs.org/@babel%2fparser set size:745724 disposed:false
408 silly fetch manifest @babel/helper-globals@^7.29.7
409 silly packumentCache full:https://registry.npmjs.org/@babel%2fhelper-globals cache-miss
410 http cache https://registry.npmjs.org/@babel%2ftypes 26ms (cache hit)
411 silly packumentCache full:https://registry.npmjs.org/@babel%2ftypes set size:507562 disposed:false
412 silly fetch manifest @babel/helper-string-parser@^7.29.7
413 silly packumentCache full:https://registry.npmjs.org/@babel%2fhelper-string-parser cache-miss
414 http cache https://registry.npmjs.org/browserslist 28ms (cache hit)
415 silly packumentCache full:https://registry.npmjs.org/browserslist set size:525727 disposed:false
416 silly fetch manifest @babel/helper-validator-identifier@^7.29.7
417 silly packumentCache full:https://registry.npmjs.org/@babel%2fhelper-validator-identifier cache-miss
418 http cache https://registry.npmjs.org/@babel%2ftypes 32ms (cache hit)
419 silly packumentCache full:https://registry.npmjs.org/@babel%2ftypes set size:507562 disposed:false
420 silly packumentCache full:https://registry.npmjs.org/@babel%2ftypes dispose
421 silly fetch manifest @jridgewell/gen-mapping@^0.3.5
422 silly packumentCache full:https://registry.npmjs.org/@jridgewell%2fgen-mapping cache-miss
423 http cache https://registry.npmjs.org/@babel%2ftypes 27ms (cache hit)
424 silly packumentCache full:https://registry.npmjs.org/@babel%2ftypes set size:507562 disposed:true
425 silly packumentCache full:https://registry.npmjs.org/@babel%2ftypes dispose
426 silly fetch manifest @jridgewell/trace-mapping@^0.3.24
427 silly packumentCache full:https://registry.npmjs.org/@jridgewell%2ftrace-mapping cache-miss
428 http fetch GET 200 https://registry.npmjs.org/@jridgewell%2fgen-mapping 82ms (cache miss)
429 silly packumentCache full:https://registry.npmjs.org/@jridgewell%2fgen-mapping set size:undefined disposed:false
430 silly fetch manifest ms@^2.1.3
431 silly packumentCache full:https://registry.npmjs.org/ms cache-miss
432 http fetch GET 200 https://registry.npmjs.org/jsesc 83ms (cache miss)
433 silly packumentCache full:https://registry.npmjs.org/jsesc set size:undefined disposed:false
434 http fetch GET 200 https://registry.npmjs.org/js-tokens 127ms (cache miss)
435 silly packumentCache full:https://registry.npmjs.org/js-tokens set size:undefined disposed:false
436 http fetch GET 200 https://registry.npmjs.org/@babel%2fhelper-validator-identifier 127ms (cache miss)
437 silly packumentCache full:https://registry.npmjs.org/@babel%2fhelper-validator-identifier set size:undefined disposed:false
438 http fetch GET 200 https://registry.npmjs.org/@babel%2fhelper-globals 108ms (cache miss)
439 silly packumentCache full:https://registry.npmjs.org/@babel%2fhelper-globals set size:undefined disposed:false
440 http fetch GET 200 https://registry.npmjs.org/@babel%2fhelper-module-imports 128ms (cache miss)
441 silly packumentCache full:https://registry.npmjs.org/@babel%2fhelper-module-imports set size:undefined disposed:false
442 http fetch GET 200 https://registry.npmjs.org/@jridgewell%2ftrace-mapping 163ms (cache miss)
443 silly packumentCache full:https://registry.npmjs.org/@jridgewell%2ftrace-mapping set size:undefined disposed:false
444 http fetch GET 200 https://registry.npmjs.org/@babel%2fhelper-string-parser 137ms (cache miss)
445 silly packumentCache full:https://registry.npmjs.org/@babel%2fhelper-string-parser set size:undefined disposed:false
446 http fetch GET 200 https://registry.npmjs.org/@babel%2fhelper-validator-option 170ms (cache miss)
447 silly packumentCache full:https://registry.npmjs.org/@babel%2fhelper-validator-option set size:undefined disposed:false
448 http fetch GET 200 https://registry.npmjs.org/@babel%2fhelper-validator-identifier 192ms (cache miss)
449 silly packumentCache full:https://registry.npmjs.org/@babel%2fhelper-validator-identifier set size:undefined disposed:false
450 http fetch GET 200 https://registry.npmjs.org/@jridgewell%2ftrace-mapping 150ms (cache miss)
451 silly packumentCache full:https://registry.npmjs.org/@jridgewell%2ftrace-mapping set size:undefined disposed:false
452 http fetch GET 200 https://registry.npmjs.org/@jridgewell%2fgen-mapping 159ms (cache miss)
453 silly packumentCache full:https://registry.npmjs.org/@jridgewell%2fgen-mapping set size:undefined disposed:false
454 http fetch GET 200 https://registry.npmjs.org/lru-cache 210ms (cache miss)
455 silly packumentCache full:https://registry.npmjs.org/lru-cache set size:undefined disposed:false
456 http fetch GET 200 https://registry.npmjs.org/ms 144ms (cache miss)
457 silly packumentCache full:https://registry.npmjs.org/ms set size:undefined disposed:false
458 http fetch GET 200 https://registry.npmjs.org/@babel%2fhelper-validator-identifier 219ms (cache miss)
459 silly packumentCache full:https://registry.npmjs.org/@babel%2fhelper-validator-identifier set size:undefined disposed:false
460 http fetch GET 200 https://registry.npmjs.org/@babel%2fcompat-data 335ms (cache miss)
461 silly packumentCache full:https://registry.npmjs.org/@babel%2fcompat-data set size:undefined disposed:false
462 silly placeDep ROOT @babel/helper-validator-identifier@7.29.7 OK for: @babel/code-frame@7.29.7 want: ^7.29.7
463 silly placeDep ROOT js-tokens@4.0.0 OK for: @babel/code-frame@7.29.7 want: ^4.0.0
464 silly placeDep ROOT picocolors@1.1.1 OK for: @babel/code-frame@7.29.7 want: ^1.1.1
465 silly placeDep ROOT @jridgewell/gen-mapping@0.3.13 OK for: @babel/generator@7.29.8 want: ^0.3.12
466 silly placeDep ROOT @jridgewell/trace-mapping@0.3.31 OK for: @babel/generator@7.29.8 want: ^0.3.28
467 silly placeDep ROOT jsesc@3.1.0 OK for: @babel/generator@7.29.8 want: ^3.0.2
468 silly fetch manifest @jridgewell/sourcemap-codec@^1.5.0
469 silly packumentCache full:https://registry.npmjs.org/@jridgewell%2fsourcemap-codec cache-miss
470 silly fetch manifest @jridgewell/resolve-uri@^3.1.0
471 silly packumentCache full:https://registry.npmjs.org/@jridgewell%2fresolve-uri cache-miss
472 silly fetch manifest @jridgewell/sourcemap-codec@^1.4.14
473 silly packumentCache full:https://registry.npmjs.org/@jridgewell%2fsourcemap-codec cache-miss
474 http fetch GET 200 https://registry.npmjs.org/@jridgewell%2fsourcemap-codec 94ms (cache miss)
475 silly packumentCache full:https://registry.npmjs.org/@jridgewell%2fsourcemap-codec set size:undefined disposed:false
476 http fetch GET 200 https://registry.npmjs.org/@jridgewell%2fsourcemap-codec 95ms (cache miss)
477 silly packumentCache full:https://registry.npmjs.org/@jridgewell%2fsourcemap-codec set size:undefined disposed:false
478 http fetch GET 200 https://registry.npmjs.org/@jridgewell%2fresolve-uri 95ms (cache miss)
479 silly packumentCache full:https://registry.npmjs.org/@jridgewell%2fresolve-uri set size:undefined disposed:false
480 silly placeDep ROOT @babel/compat-data@7.29.7 OK for: @babel/helper-compilation-targets@7.29.7 want: ^7.29.7
481 silly placeDep ROOT @babel/helper-validator-option@7.29.7 OK for: @babel/helper-compilation-targets@7.29.7 want: ^7.29.7
482 silly placeDep ROOT browserslist@4.29.1 OK for: @babel/helper-compilation-targets@7.29.7 want: ^4.24.0
483 silly placeDep ROOT lru-cache@5.1.1 OK for: @babel/helper-compilation-targets@7.29.7 want: ^5.1.1
484 silly fetch manifest node-releases@^2.0.57
485 silly packumentCache full:https://registry.npmjs.org/node-releases cache-miss
486 silly fetch manifest electron-to-chromium@^1.5.438
487 silly packumentCache full:https://registry.npmjs.org/electron-to-chromium cache-miss
488 silly fetch manifest update-browserslist-db@^1.3.3
489 silly packumentCache full:https://registry.npmjs.org/update-browserslist-db cache-miss
490 silly fetch manifest baseline-browser-mapping@^2.11.25
491 silly packumentCache full:https://registry.npmjs.org/baseline-browser-mapping cache-miss
492 silly fetch manifest yallist@^3.0.2
493 silly packumentCache full:https://registry.npmjs.org/yallist cache-miss
494 http fetch GET 200 https://registry.npmjs.org/update-browserslist-db 98ms (cache miss)
495 silly packumentCache full:https://registry.npmjs.org/update-browserslist-db set size:undefined disposed:false
496 http fetch GET 200 https://registry.npmjs.org/yallist 116ms (cache miss)
497 silly packumentCache full:https://registry.npmjs.org/yallist set size:undefined disposed:false
498 http fetch GET 200 https://registry.npmjs.org/baseline-browser-mapping 186ms (cache miss)
499 silly packumentCache full:https://registry.npmjs.org/baseline-browser-mapping set size:undefined disposed:false
500 http fetch GET 200 https://registry.npmjs.org/node-releases 333ms (cache miss)
501 silly packumentCache full:https://registry.npmjs.org/node-releases set size:undefined disposed:false
502 http fetch GET 200 https://registry.npmjs.org/electron-to-chromium 2299ms (cache miss)
503 silly packumentCache full:https://registry.npmjs.org/electron-to-chromium set size:undefined disposed:false
504 silly placeDep ROOT @babel/helper-module-imports@7.29.7 OK for: @babel/helper-module-transforms@7.29.7 want: ^7.29.7
505 silly placeDep ROOT @babel/helper-plugin-utils@7.29.7 OK for: @babel/plugin-transform-react-jsx-self@7.29.7 want: ^7.29.7
506 silly placeDep ROOT @babel/helper-globals@7.29.7 OK for: @babel/traverse@7.29.8 want: ^7.29.7
507 silly placeDep ROOT @babel/helper-string-parser@7.29.7 OK for: @babel/types@7.29.8 want: ^7.29.7
508 silly placeDep ROOT @jridgewell/sourcemap-codec@1.6.0 OK for: @jridgewell/gen-mapping@0.3.13 want: ^1.5.0
509 silly placeDep ROOT @jridgewell/resolve-uri@3.1.2 OK for: @jridgewell/trace-mapping@0.3.31 want: ^3.1.0
510 silly placeDep ROOT @types/babel__generator@7.27.0 OK for: @types/babel__core@7.20.5 want: *
511 silly placeDep ROOT @types/babel__template@7.4.4 OK for: @types/babel__core@7.20.5 want: *
512 silly placeDep ROOT @types/babel__traverse@7.28.0 OK for: @types/babel__core@7.20.5 want: *
513 silly placeDep ROOT caniuse-lite@1.0.30001812 OK for: autoprefixer@10.6.1 want: ^1.0.30001810
514 silly placeDep ROOT fraction.js@5.3.4 OK for: autoprefixer@10.6.1 want: ^5.3.4
515 silly placeDep ROOT postcss-value-parser@4.2.0 OK for: autoprefixer@10.6.1 want: ^4.2.0
516 silly fetch manifest browserslist@>= 4.21.0
517 silly packumentCache full:https://registry.npmjs.org/browserslist cache-hit
518 silly placeDep ROOT baseline-browser-mapping@2.11.26 OK for: browserslist@4.29.1 want: ^2.11.25
519 silly placeDep ROOT electron-to-chromium@1.5.439 OK for: browserslist@4.29.1 want: ^1.5.438
520 silly placeDep ROOT node-releases@2.0.57 OK for: browserslist@4.29.1 want: ^2.0.57
521 silly placeDep ROOT update-browserslist-db@1.3.3 OK for: browserslist@4.29.1 want: ^1.3.3
522 silly fetch manifest escalade@^3.2.0
523 silly packumentCache full:https://registry.npmjs.org/escalade cache-miss
524 http fetch GET 200 https://registry.npmjs.org/escalade 148ms (cache miss)
525 silly packumentCache full:https://registry.npmjs.org/escalade set size:undefined disposed:false
526 silly placeDep ROOT ms@2.1.3 OK for: debug@4.4.3 want: ^2.1.3
527 silly placeDep ROOT yallist@3.1.1 OK for: lru-cache@5.1.1 want: ^3.0.2
528 silly placeDep ROOT nanoid@3.3.19 OK for: postcss@8.5.28 want: ^3.3.18
529 silly placeDep ROOT source-map-js@1.2.1 OK for: postcss@8.5.28 want: ^1.2.1
530 silly placeDep ROOT loose-envify@1.4.0 OK for: react@18.3.1 want: ^1.1.0
531 silly placeDep ROOT scheduler@0.23.2 OK for: react-dom@18.3.1 want: ^0.23.2
532 silly fetch manifest react@>=16.8
533 silly packumentCache full:https://registry.npmjs.org/react cache-miss
534 http cache https://registry.npmjs.org/react 12ms (cache hit)
535 silly packumentCache full:https://registry.npmjs.org/react set size:7006748 disposed:false
536 silly placeDep ROOT @remix-run/router@1.23.4 OK for: react-router-dom@6.30.6 want: 1.23.4
537 silly placeDep ROOT react-router@6.30.6 OK for: react-router-dom@6.30.6 want: 6.30.6
538 silly fetch manifest postcss@^8.4.47
539 silly packumentCache full:https://registry.npmjs.org/postcss cache-hit
540 silly fetch manifest tsx@^4.8.1
541 silly packumentCache full:https://registry.npmjs.org/tsx cache-miss
542 http fetch GET 200 https://registry.npmjs.org/tsx 305ms (cache miss)
543 silly packumentCache full:https://registry.npmjs.org/tsx set size:undefined disposed:false
544 silly fetch manifest yaml@^2.4.2
545 silly packumentCache full:https://registry.npmjs.org/yaml cache-miss
546 http fetch GET 200 https://registry.npmjs.org/yaml 124ms (cache miss)
547 silly packumentCache full:https://registry.npmjs.org/yaml set size:undefined disposed:false
548 silly placeDep ROOT @alloc/quick-lru@5.3.0 OK for: tailwindcss@3.4.19 want: ^5.2.0
549 silly placeDep ROOT arg@5.0.2 OK for: tailwindcss@3.4.19 want: ^5.0.2
550 silly placeDep ROOT chokidar@3.6.0 OK for: tailwindcss@3.4.19 want: ^3.6.0
551 silly placeDep ROOT didyoumean@1.2.2 OK for: tailwindcss@3.4.19 want: ^1.2.2
552 silly placeDep ROOT dlv@1.1.3 OK for: tailwindcss@3.4.19 want: ^1.1.3
553 silly placeDep ROOT fast-glob@3.3.3 OK for: tailwindcss@3.4.19 want: ^3.3.2
554 silly placeDep ROOT glob-parent@6.0.2 OK for: tailwindcss@3.4.19 want: ^6.0.2
555 silly placeDep ROOT is-glob@4.0.3 OK for: tailwindcss@3.4.19 want: ^4.0.3
556 silly placeDep ROOT jiti@1.21.7 OK for: tailwindcss@3.4.19 want: ^1.21.7
557 silly placeDep ROOT lilconfig@3.1.3 OK for: tailwindcss@3.4.19 want: ^3.1.3
558 silly placeDep ROOT micromatch@4.0.8 OK for: tailwindcss@3.4.19 want: ^4.0.8
559 silly placeDep ROOT normalize-path@3.0.0 OK for: tailwindcss@3.4.19 want: ^3.0.0
560 silly placeDep ROOT object-hash@3.0.0 OK for: tailwindcss@3.4.19 want: ^3.0.0
561 silly placeDep ROOT postcss-import@15.1.0 OK for: tailwindcss@3.4.19 want: ^15.1.0
562 silly placeDep ROOT postcss-js@4.1.0 OK for: tailwindcss@3.4.19 want: ^4.0.1
563 silly placeDep ROOT postcss-load-config@6.0.1 OK for: tailwindcss@3.4.19 want: ^4.0.2 || ^5.0 || ^6.0
564 silly placeDep ROOT postcss-nested@6.2.0 OK for: tailwindcss@3.4.19 want: ^6.2.0
565 silly placeDep ROOT postcss-selector-parser@6.1.4 OK for: tailwindcss@3.4.19 want: ^6.1.2
566 silly placeDep ROOT resolve@1.22.12 OK for: tailwindcss@3.4.19 want: ^1.22.8
567 silly placeDep ROOT sucrase@3.35.1 OK for: tailwindcss@3.4.19 want: ^3.35.0
568 silly fetch manifest braces@~3.0.2
569 silly packumentCache full:https://registry.npmjs.org/braces cache-miss
570 silly fetch manifest is-glob@~4.0.1
571 silly packumentCache full:https://registry.npmjs.org/is-glob cache-miss
572 silly fetch manifest anymatch@~3.1.2
573 silly packumentCache full:https://registry.npmjs.org/anymatch cache-miss
574 silly fetch manifest readdirp@~3.6.0
575 silly packumentCache full:https://registry.npmjs.org/readdirp cache-miss
576 silly fetch manifest glob-parent@~5.1.2
577 silly packumentCache full:https://registry.npmjs.org/glob-parent cache-miss
578 silly fetch manifest is-binary-path@~2.1.0
579 silly packumentCache full:https://registry.npmjs.org/is-binary-path cache-miss
580 silly fetch manifest normalize-path@~3.0.0
581 silly packumentCache full:https://registry.npmjs.org/normalize-path cache-miss
582 silly fetch manifest fsevents@~2.3.2
583 silly packumentCache full:https://registry.npmjs.org/fsevents cache-miss
584 silly fetch manifest @nodelib/fs.stat@^2.0.2
585 silly packumentCache full:https://registry.npmjs.org/@nodelib%2ffs.stat cache-miss
586 silly fetch manifest @nodelib/fs.walk@^1.2.3
587 silly packumentCache full:https://registry.npmjs.org/@nodelib%2ffs.walk cache-miss
588 silly fetch manifest glob-parent@^5.1.2
589 silly packumentCache full:https://registry.npmjs.org/glob-parent cache-miss
590 silly fetch manifest merge2@^1.3.0
591 silly packumentCache full:https://registry.npmjs.org/merge2 cache-miss
592 silly fetch manifest is-extglob@^2.1.1
593 silly packumentCache full:https://registry.npmjs.org/is-extglob cache-miss
594 silly fetch manifest braces@^3.0.3
595 silly packumentCache full:https://registry.npmjs.org/braces cache-miss
596 silly fetch manifest picomatch@^2.3.1
597 silly packumentCache full:https://registry.npmjs.org/picomatch cache-miss
598 http cache https://registry.npmjs.org/glob-parent 17ms (cache hit)
599 silly packumentCache full:https://registry.npmjs.org/glob-parent set size:42445 disposed:false
600 silly fetch manifest resolve@^1.1.7
601 silly packumentCache full:https://registry.npmjs.org/resolve cache-miss
602 http cache https://registry.npmjs.org/is-glob 19ms (cache hit)
603 silly packumentCache full:https://registry.npmjs.org/is-glob set size:40530 disposed:false
604 silly fetch manifest read-cache@^1.0.0
605 silly packumentCache full:https://registry.npmjs.org/read-cache cache-miss
606 http cache https://registry.npmjs.org/fsevents 19ms (cache hit)
607 silly packumentCache full:https://registry.npmjs.org/fsevents set size:182472 disposed:false
608 silly fetch manifest camelcase-css@^2.0.1
609 silly packumentCache full:https://registry.npmjs.org/camelcase-css cache-miss
610 http cache https://registry.npmjs.org/normalize-path 23ms (cache hit)
611 silly packumentCache full:https://registry.npmjs.org/normalize-path set size:28713 disposed:false
612 silly fetch manifest postcss-selector-parser@^6.1.1
613 silly packumentCache full:https://registry.npmjs.org/postcss-selector-parser cache-miss
614 http cache https://registry.npmjs.org/glob-parent 22ms (cache hit)
615 silly packumentCache full:https://registry.npmjs.org/glob-parent set size:42445 disposed:false
616 silly packumentCache full:https://registry.npmjs.org/glob-parent dispose
617 silly fetch manifest cssesc@^3.0.0
618 silly packumentCache full:https://registry.npmjs.org/cssesc cache-miss
619 http cache https://registry.npmjs.org/postcss-selector-parser 6ms (cache hit)
620 silly packumentCache full:https://registry.npmjs.org/postcss-selector-parser set size:199901 disposed:false
621 silly fetch manifest util-deprecate@^1.0.2
622 silly packumentCache full:https://registry.npmjs.org/util-deprecate cache-miss
623 http cache https://registry.npmjs.org/resolve 15ms (cache hit)
624 silly packumentCache full:https://registry.npmjs.org/resolve set size:244568 disposed:false
625 silly fetch manifest es-errors@^1.3.0
626 silly packumentCache full:https://registry.npmjs.org/es-errors cache-miss
627 http fetch GET 200 https://registry.npmjs.org/anymatch 40ms (cache miss)
628 silly packumentCache full:https://registry.npmjs.org/anymatch set size:undefined disposed:false
629 silly fetch manifest path-parse@^1.0.7
630 silly packumentCache full:https://registry.npmjs.org/path-parse cache-miss
631 http fetch GET 200 https://registry.npmjs.org/is-binary-path 69ms (cache miss)
632 silly packumentCache full:https://registry.npmjs.org/is-binary-path set size:undefined disposed:false
633 silly fetch manifest is-core-module@^2.16.1
634 silly packumentCache full:https://registry.npmjs.org/is-core-module cache-miss
635 http fetch GET 200 https://registry.npmjs.org/camelcase-css 73ms (cache miss)
636 silly packumentCache full:https://registry.npmjs.org/camelcase-css set size:undefined disposed:false
637 silly fetch manifest supports-preserve-symlinks-flag@^1.0.0
638 silly packumentCache full:https://registry.npmjs.org/supports-preserve-symlinks-flag cache-miss
639 http fetch GET 200 https://registry.npmjs.org/is-extglob 97ms (cache miss)
640 silly packumentCache full:https://registry.npmjs.org/is-extglob set size:undefined disposed:false
641 silly fetch manifest commander@^4.0.0
642 silly packumentCache full:https://registry.npmjs.org/commander cache-miss
643 http fetch GET 200 https://registry.npmjs.org/braces 101ms (cache miss)
644 silly packumentCache full:https://registry.npmjs.org/braces set size:undefined disposed:false
645 silly fetch manifest lines-and-columns@^1.1.6
646 silly packumentCache full:https://registry.npmjs.org/lines-and-columns cache-miss
647 http fetch GET 200 https://registry.npmjs.org/path-parse 62ms (cache miss)
648 silly packumentCache full:https://registry.npmjs.org/path-parse set size:undefined disposed:false
649 silly fetch manifest mz@^2.7.0
650 silly packumentCache full:https://registry.npmjs.org/mz cache-miss
651 http fetch GET 200 https://registry.npmjs.org/read-cache 83ms (cache miss)
652 silly packumentCache full:https://registry.npmjs.org/read-cache set size:undefined disposed:false
653 silly fetch manifest pirates@^4.0.1
654 silly packumentCache full:https://registry.npmjs.org/pirates cache-miss
655 http fetch GET 200 https://registry.npmjs.org/merge2 102ms (cache miss)
656 silly packumentCache full:https://registry.npmjs.org/merge2 set size:undefined disposed:false
657 silly fetch manifest tinyglobby@^0.2.11
658 silly packumentCache full:https://registry.npmjs.org/tinyglobby cache-miss
659 http fetch GET 200 https://registry.npmjs.org/util-deprecate 88ms (cache miss)
660 silly packumentCache full:https://registry.npmjs.org/util-deprecate set size:undefined disposed:false
661 silly fetch manifest ts-interface-checker@^0.1.9
662 silly packumentCache full:https://registry.npmjs.org/ts-interface-checker cache-miss
663 http fetch GET 200 https://registry.npmjs.org/cssesc 98ms (cache miss)
664 silly packumentCache full:https://registry.npmjs.org/cssesc set size:undefined disposed:false
665 http fetch GET 200 https://registry.npmjs.org/@nodelib%2ffs.stat 123ms (cache miss)
666 silly packumentCache full:https://registry.npmjs.org/@nodelib%2ffs.stat set size:undefined disposed:false
667 http fetch GET 200 https://registry.npmjs.org/es-errors 88ms (cache miss)
668 silly packumentCache full:https://registry.npmjs.org/es-errors set size:undefined disposed:false
669 http fetch GET 200 https://registry.npmjs.org/@nodelib%2ffs.walk 124ms (cache miss)
670 silly packumentCache full:https://registry.npmjs.org/@nodelib%2ffs.walk set size:undefined disposed:false
671 http fetch GET 200 https://registry.npmjs.org/braces 145ms (cache miss)
672 silly packumentCache full:https://registry.npmjs.org/braces set size:undefined disposed:false
673 http fetch GET 200 https://registry.npmjs.org/picomatch 147ms (cache miss)
674 silly packumentCache full:https://registry.npmjs.org/picomatch set size:undefined disposed:false
675 http fetch GET 200 https://registry.npmjs.org/is-core-module 82ms (cache miss)
676 silly packumentCache full:https://registry.npmjs.org/is-core-module set size:undefined disposed:false
677 http fetch GET 200 https://registry.npmjs.org/supports-preserve-symlinks-flag 76ms (cache miss)
678 silly packumentCache full:https://registry.npmjs.org/supports-preserve-symlinks-flag set size:undefined disposed:false
679 http fetch GET 200 https://registry.npmjs.org/lines-and-columns 71ms (cache miss)
680 silly packumentCache full:https://registry.npmjs.org/lines-and-columns set size:undefined disposed:false
681 http fetch GET 200 https://registry.npmjs.org/pirates 90ms (cache miss)
682 silly packumentCache full:https://registry.npmjs.org/pirates set size:undefined disposed:false
683 http fetch GET 200 https://registry.npmjs.org/mz 91ms (cache miss)
684 silly packumentCache full:https://registry.npmjs.org/mz set size:undefined disposed:false
685 http fetch GET 200 https://registry.npmjs.org/tinyglobby 116ms (cache miss)
686 silly packumentCache full:https://registry.npmjs.org/tinyglobby set size:undefined disposed:false
687 http fetch GET 200 https://registry.npmjs.org/commander 175ms (cache miss)
688 silly packumentCache full:https://registry.npmjs.org/commander set size:undefined disposed:false
689 http fetch GET 200 https://registry.npmjs.org/ts-interface-checker 329ms (cache miss)
690 silly packumentCache full:https://registry.npmjs.org/ts-interface-checker set size:undefined disposed:false
691 http fetch GET 200 https://registry.npmjs.org/readdirp 476ms (cache miss)
692 silly packumentCache full:https://registry.npmjs.org/readdirp set size:undefined disposed:false
693 silly placeDep ROOT anymatch@3.1.3 OK for: chokidar@3.6.0 want: ~3.1.2
694 silly placeDep ROOT braces@3.0.3 OK for: chokidar@3.6.0 want: ~3.0.2
695 silly placeDep ROOT fsevents@2.3.3 OK for: chokidar@3.6.0 want: ~2.3.2
696 silly placeDep node_modules/chokidar glob-parent@5.1.2 OK for: chokidar@3.6.0 want: ~5.1.2
697 silly placeDep ROOT is-binary-path@2.1.0 OK for: chokidar@3.6.0 want: ~2.1.0
698 silly placeDep ROOT readdirp@3.6.0 OK for: chokidar@3.6.0 want: ~3.6.0
699 silly fetch manifest picomatch@^2.0.4
700 silly packumentCache full:https://registry.npmjs.org/picomatch cache-miss
701 silly fetch manifest fill-range@^7.1.1
702 silly packumentCache full:https://registry.npmjs.org/fill-range cache-miss
703 silly fetch manifest binary-extensions@^2.0.0
704 silly packumentCache full:https://registry.npmjs.org/binary-extensions cache-miss
705 silly fetch manifest picomatch@^2.2.1
706 silly packumentCache full:https://registry.npmjs.org/picomatch cache-miss
707 http cache https://registry.npmjs.org/picomatch 6ms (cache hit)
708 silly packumentCache full:https://registry.npmjs.org/picomatch set size:134451 disposed:false
709 http cache https://registry.npmjs.org/picomatch 8ms (cache hit)
710 silly packumentCache full:https://registry.npmjs.org/picomatch set size:134451 disposed:false
711 silly packumentCache full:https://registry.npmjs.org/picomatch dispose
712 http fetch GET 200 https://registry.npmjs.org/binary-extensions 56ms (cache miss)
713 silly packumentCache full:https://registry.npmjs.org/binary-extensions set size:undefined disposed:false
714 http fetch GET 200 https://registry.npmjs.org/fill-range 96ms (cache miss)
715 silly packumentCache full:https://registry.npmjs.org/fill-range set size:undefined disposed:false
716 silly placeDep ROOT picomatch@2.3.2 OK for: anymatch@3.1.3 want: ^2.0.4
717 silly placeDep ROOT fill-range@7.1.1 OK for: braces@3.0.3 want: ^7.1.1
718 silly fetch manifest to-regex-range@^5.0.1
719 silly packumentCache full:https://registry.npmjs.org/to-regex-range cache-miss
720 http fetch GET 200 https://registry.npmjs.org/to-regex-range 79ms (cache miss)
721 silly packumentCache full:https://registry.npmjs.org/to-regex-range set size:undefined disposed:false
722 silly placeDep ROOT @nodelib/fs.stat@2.0.5 OK for: fast-glob@3.3.3 want: ^2.0.2
723 silly placeDep ROOT @nodelib/fs.walk@1.2.8 OK for: fast-glob@3.3.3 want: ^1.2.3
724 silly placeDep node_modules/fast-glob glob-parent@5.1.2 OK for: fast-glob@3.3.3 want: ^5.1.2
725 silly placeDep ROOT merge2@1.4.1 OK for: fast-glob@3.3.3 want: ^1.3.0
726 silly fetch manifest fastq@^1.6.0
727 silly packumentCache full:https://registry.npmjs.org/fastq cache-miss
728 silly fetch manifest @nodelib/fs.scandir@2.1.5
729 silly packumentCache full:https://registry.npmjs.org/@nodelib%2ffs.scandir cache-miss
730 http fetch GET 200 https://registry.npmjs.org/fastq 85ms (cache miss)
731 silly packumentCache full:https://registry.npmjs.org/fastq set size:undefined disposed:false
732 http fetch GET 200 https://registry.npmjs.org/@nodelib%2ffs.scandir 86ms (cache miss)
733 silly packumentCache full:https://registry.npmjs.org/@nodelib%2ffs.scandir set size:undefined disposed:false
734 silly placeDep ROOT @nodelib/fs.scandir@2.1.5 OK for: @nodelib/fs.walk@1.2.8 want: 2.1.5
735 silly placeDep ROOT fastq@1.20.3 OK for: @nodelib/fs.walk@1.2.8 want: ^1.6.0
736 silly fetch manifest run-parallel@^1.1.9
737 silly packumentCache full:https://registry.npmjs.org/run-parallel cache-miss
738 silly fetch manifest reusify@^1.0.4
739 silly packumentCache full:https://registry.npmjs.org/reusify cache-miss
740 http fetch GET 200 https://registry.npmjs.org/reusify 65ms (cache miss)
741 silly packumentCache full:https://registry.npmjs.org/reusify set size:undefined disposed:false
742 http fetch GET 200 https://registry.npmjs.org/run-parallel 266ms (cache miss)
743 silly packumentCache full:https://registry.npmjs.org/run-parallel set size:undefined disposed:false
744 silly placeDep ROOT run-parallel@1.2.0 OK for: @nodelib/fs.scandir@2.1.5 want: ^1.1.9
745 silly fetch manifest queue-microtask@^1.2.2
746 silly packumentCache full:https://registry.npmjs.org/queue-microtask cache-miss
747 http fetch GET 200 https://registry.npmjs.org/queue-microtask 96ms (cache miss)
748 silly packumentCache full:https://registry.npmjs.org/queue-microtask set size:undefined disposed:false
749 silly placeDep ROOT reusify@1.1.0 OK for: fastq@1.20.3 want: ^1.0.4
750 silly placeDep ROOT to-regex-range@5.0.1 OK for: fill-range@7.1.1 want: ^5.0.1
751 silly fetch manifest is-number@^7.0.0
752 silly packumentCache full:https://registry.npmjs.org/is-number cache-miss
753 http fetch GET 200 https://registry.npmjs.org/is-number 59ms (cache miss)
754 silly packumentCache full:https://registry.npmjs.org/is-number set size:undefined disposed:false
755 silly placeDep ROOT binary-extensions@2.3.0 OK for: is-binary-path@2.1.0 want: ^2.0.0
756 silly placeDep ROOT is-extglob@2.1.1 OK for: is-glob@4.0.3 want: ^2.1.1
757 silly placeDep ROOT read-cache@1.0.2 OK for: postcss-import@15.1.0 want: ^1.0.0
758 silly placeDep ROOT camelcase-css@2.0.1 OK for: postcss-js@4.1.0 want: ^2.0.1
759 silly placeDep ROOT cssesc@3.0.0 OK for: postcss-selector-parser@6.1.4 want: ^3.0.0
760 silly placeDep ROOT util-deprecate@1.0.2 OK for: postcss-selector-parser@6.1.4 want: ^1.0.2
761 silly placeDep ROOT es-errors@1.3.0 OK for: resolve@1.22.12 want: ^1.3.0
762 silly placeDep ROOT is-core-module@2.17.0 OK for: resolve@1.22.12 want: ^2.16.1
763 silly placeDep ROOT path-parse@1.0.7 OK for: resolve@1.22.12 want: ^1.0.7
764 silly placeDep ROOT supports-preserve-symlinks-flag@1.0.0 OK for: resolve@1.22.12 want: ^1.0.0
765 silly fetch manifest hasown@^2.0.4
766 silly packumentCache full:https://registry.npmjs.org/hasown cache-miss
767 http fetch GET 200 https://registry.npmjs.org/hasown 57ms (cache miss)
768 silly packumentCache full:https://registry.npmjs.org/hasown set size:undefined disposed:false
769 silly placeDep ROOT hasown@2.0.4 OK for: is-core-module@2.17.0 want: ^2.0.4
770 silly fetch manifest function-bind@^1.1.2
771 silly packumentCache full:https://registry.npmjs.org/function-bind cache-miss
772 http fetch GET 200 https://registry.npmjs.org/function-bind 48ms (cache miss)
773 silly packumentCache full:https://registry.npmjs.org/function-bind set size:undefined disposed:false
774 silly placeDep ROOT function-bind@1.1.2 OK for: hasown@2.0.4 want: ^1.1.2
775 silly placeDep ROOT queue-microtask@1.2.3 OK for: run-parallel@1.2.0 want: ^1.2.2
776 silly placeDep ROOT commander@4.1.1 OK for: sucrase@3.35.1 want: ^4.0.0
777 silly placeDep ROOT lines-and-columns@1.2.4 OK for: sucrase@3.35.1 want: ^1.1.6
778 silly placeDep ROOT mz@2.7.0 OK for: sucrase@3.35.1 want: ^2.7.0
779 silly placeDep ROOT pirates@4.0.7 OK for: sucrase@3.35.1 want: ^4.0.1
780 silly placeDep ROOT tinyglobby@0.2.17 OK for: sucrase@3.35.1 want: ^0.2.11
781 silly placeDep ROOT ts-interface-checker@0.1.13 OK for: sucrase@3.35.1 want: ^0.1.9
782 silly fetch manifest any-promise@^1.0.0
783 silly packumentCache full:https://registry.npmjs.org/any-promise cache-miss
784 silly fetch manifest object-assign@^4.0.1
785 silly packumentCache full:https://registry.npmjs.org/object-assign cache-miss
786 silly fetch manifest thenify-all@^1.0.0
787 silly packumentCache full:https://registry.npmjs.org/thenify-all cache-miss
788 silly fetch manifest fdir@^6.5.0
789 silly packumentCache full:https://registry.npmjs.org/fdir cache-miss
790 silly fetch manifest picomatch@^4.0.4
791 silly packumentCache full:https://registry.npmjs.org/picomatch cache-hit
792 http fetch GET 200 https://registry.npmjs.org/object-assign 70ms (cache miss)
793 silly packumentCache full:https://registry.npmjs.org/object-assign set size:undefined disposed:false
794 http fetch GET 200 https://registry.npmjs.org/thenify-all 72ms (cache miss)
795 silly packumentCache full:https://registry.npmjs.org/thenify-all set size:undefined disposed:false
796 http fetch GET 200 https://registry.npmjs.org/fdir 251ms (cache miss)
797 silly packumentCache full:https://registry.npmjs.org/fdir set size:undefined disposed:false
798 http fetch GET 200 https://registry.npmjs.org/any-promise 361ms (cache miss)
799 silly packumentCache full:https://registry.npmjs.org/any-promise set size:undefined disposed:false
800 silly placeDep ROOT any-promise@1.3.0 OK for: mz@2.7.0 want: ^1.0.0
801 silly placeDep ROOT object-assign@4.1.1 OK for: mz@2.7.0 want: ^4.0.1
802 silly placeDep ROOT thenify-all@1.6.0 OK for: mz@2.7.0 want: ^1.0.0
803 silly fetch manifest thenify@>= 3.1.0 < 4
804 silly packumentCache full:https://registry.npmjs.org/thenify cache-miss
805 http fetch GET 200 https://registry.npmjs.org/thenify 145ms (cache miss)
806 silly packumentCache full:https://registry.npmjs.org/thenify set size:undefined disposed:false
807 silly placeDep ROOT thenify@3.3.1 OK for: thenify-all@1.6.0 want: >= 3.1.0 < 4
808 silly placeDep node_modules/tinyglobby fdir@6.5.0 OK for: tinyglobby@0.2.17 want: ^6.5.0
809 silly placeDep node_modules/tinyglobby picomatch@4.0.7 OK for: fdir@6.5.0 want: ^3 || ^4
810 silly placeDep ROOT is-number@7.0.0 OK for: to-regex-range@5.0.1 want: ^7.0.0
811 silly placeDep ROOT escalade@3.2.0 OK for: update-browserslist-db@1.3.3 want: ^3.2.0
812 silly placeDep ROOT esbuild@0.21.5 OK for: vite@5.4.21 want: ^0.21.3
813 silly placeDep ROOT rollup@4.63.5 OK for: vite@5.4.21 want: ^4.20.0
814 silly fetch manifest @esbuild/aix-ppc64@0.21.5
815 silly packumentCache full:https://registry.npmjs.org/@esbuild%2faix-ppc64 cache-miss
816 silly fetch manifest @esbuild/linux-arm@0.21.5
817 silly packumentCache full:https://registry.npmjs.org/@esbuild%2flinux-arm cache-miss
818 silly fetch manifest @esbuild/linux-x64@0.21.5
819 silly packumentCache full:https://registry.npmjs.org/@esbuild%2flinux-x64 cache-miss
820 silly fetch manifest @esbuild/sunos-x64@0.21.5
821 silly packumentCache full:https://registry.npmjs.org/@esbuild%2fsunos-x64 cache-miss
822 silly fetch manifest @esbuild/win32-x64@0.21.5
823 silly packumentCache full:https://registry.npmjs.org/@esbuild%2fwin32-x64 cache-miss
824 silly fetch manifest @esbuild/darwin-x64@0.21.5
825 silly packumentCache full:https://registry.npmjs.org/@esbuild%2fdarwin-x64 cache-miss
826 silly fetch manifest @esbuild/linux-ia32@0.21.5
827 silly packumentCache full:https://registry.npmjs.org/@esbuild%2flinux-ia32 cache-miss
828 silly fetch manifest @esbuild/netbsd-x64@0.21.5
829 silly packumentCache full:https://registry.npmjs.org/@esbuild%2fnetbsd-x64 cache-miss
830 silly fetch manifest @esbuild/win32-ia32@0.21.5
831 silly packumentCache full:https://registry.npmjs.org/@esbuild%2fwin32-ia32 cache-miss
832 silly fetch manifest @esbuild/android-arm@0.21.5
833 silly packumentCache full:https://registry.npmjs.org/@esbuild%2fandroid-arm cache-miss
834 silly fetch manifest @esbuild/android-x64@0.21.5
835 silly packumentCache full:https://registry.npmjs.org/@esbuild%2fandroid-x64 cache-miss
836 silly fetch manifest @esbuild/freebsd-x64@0.21.5
837 silly packumentCache full:https://registry.npmjs.org/@esbuild%2ffreebsd-x64 cache-miss
838 silly fetch manifest @esbuild/linux-arm64@0.21.5
839 silly packumentCache full:https://registry.npmjs.org/@esbuild%2flinux-arm64 cache-miss
840 silly fetch manifest @esbuild/linux-ppc64@0.21.5
841 silly packumentCache full:https://registry.npmjs.org/@esbuild%2flinux-ppc64 cache-miss
842 silly fetch manifest @esbuild/linux-s390x@0.21.5
843 silly packumentCache full:https://registry.npmjs.org/@esbuild%2flinux-s390x cache-miss
844 http fetch GET 200 https://registry.npmjs.org/@esbuild%2fnetbsd-x64 114ms (cache miss)
845 silly packumentCache full:https://registry.npmjs.org/@esbuild%2fnetbsd-x64 set size:undefined disposed:false
846 silly fetch manifest @esbuild/openbsd-x64@0.21.5
847 silly packumentCache full:https://registry.npmjs.org/@esbuild%2fopenbsd-x64 cache-miss
848 http fetch GET 200 https://registry.npmjs.org/@esbuild%2fdarwin-x64 117ms (cache miss)
849 silly packumentCache full:https://registry.npmjs.org/@esbuild%2fdarwin-x64 set size:undefined disposed:false
850 silly fetch manifest @esbuild/win32-arm64@0.21.5
851 silly packumentCache full:https://registry.npmjs.org/@esbuild%2fwin32-arm64 cache-miss
852 http fetch GET 200 https://registry.npmjs.org/@esbuild%2flinux-x64 137ms (cache miss)
853 silly packumentCache full:https://registry.npmjs.org/@esbuild%2flinux-x64 set size:undefined disposed:false
854 silly fetch manifest @esbuild/darwin-arm64@0.21.5
855 silly packumentCache full:https://registry.npmjs.org/@esbuild%2fdarwin-arm64 cache-miss
856 http fetch GET 200 https://registry.npmjs.org/@esbuild%2fwin32-ia32 148ms (cache miss)
857 silly packumentCache full:https://registry.npmjs.org/@esbuild%2fwin32-ia32 set size:undefined disposed:false
858 silly fetch manifest @esbuild/android-arm64@0.21.5
859 silly packumentCache full:https://registry.npmjs.org/@esbuild%2fandroid-arm64 cache-miss
860 http fetch GET 200 https://registry.npmjs.org/@esbuild%2faix-ppc64 179ms (cache miss)
861 silly packumentCache full:https://registry.npmjs.org/@esbuild%2faix-ppc64 set size:undefined disposed:false
862 silly fetch manifest @esbuild/freebsd-arm64@0.21.5
863 silly packumentCache full:https://registry.npmjs.org/@esbuild%2ffreebsd-arm64 cache-miss
864 http fetch GET 200 https://registry.npmjs.org/@esbuild%2ffreebsd-x64 180ms (cache miss)
865 silly packumentCache full:https://registry.npmjs.org/@esbuild%2ffreebsd-x64 set size:undefined disposed:false
866 silly fetch manifest @esbuild/linux-loong64@0.21.5
867 silly packumentCache full:https://registry.npmjs.org/@esbuild%2flinux-loong64 cache-miss
868 http fetch GET 200 https://registry.npmjs.org/@esbuild%2fsunos-x64 194ms (cache miss)
869 silly packumentCache full:https://registry.npmjs.org/@esbuild%2fsunos-x64 set size:undefined disposed:false
870 silly fetch manifest @esbuild/linux-riscv64@0.21.5
871 silly packumentCache full:https://registry.npmjs.org/@esbuild%2flinux-riscv64 cache-miss
872 http fetch GET 200 https://registry.npmjs.org/@esbuild%2flinux-ia32 208ms (cache miss)
873 silly packumentCache full:https://registry.npmjs.org/@esbuild%2flinux-ia32 set size:undefined disposed:false
874 silly fetch manifest @esbuild/linux-mips64el@0.21.5
875 silly packumentCache full:https://registry.npmjs.org/@esbuild%2flinux-mips64el cache-miss
876 http fetch GET 200 https://registry.npmjs.org/@esbuild%2fandroid-x64 211ms (cache miss)
877 silly packumentCache full:https://registry.npmjs.org/@esbuild%2fandroid-x64 set size:undefined disposed:false
878 silly fetch manifest @types/estree@1.0.9
879 silly packumentCache full:https://registry.npmjs.org/@types%2festree cache-miss
880 http fetch GET 200 https://registry.npmjs.org/@esbuild%2fandroid-arm 213ms (cache miss)
881 silly packumentCache full:https://registry.npmjs.org/@esbuild%2fandroid-arm set size:undefined disposed:false
882 silly fetch manifest @rollup/rollup-darwin-x64@4.63.5
883 silly packumentCache full:https://registry.npmjs.org/@rollup%2frollup-darwin-x64 cache-miss
884 http fetch GET 200 https://registry.npmjs.org/@esbuild%2fopenbsd-x64 111ms (cache miss)
885 silly packumentCache full:https://registry.npmjs.org/@esbuild%2fopenbsd-x64 set size:undefined disposed:false
886 silly fetch manifest @rollup/rollup-freebsd-x64@4.63.5
887 silly packumentCache full:https://registry.npmjs.org/@rollup%2frollup-freebsd-x64 cache-miss
888 http fetch GET 200 https://registry.npmjs.org/@esbuild%2flinux-ppc64 239ms (cache miss)
889 silly packumentCache full:https://registry.npmjs.org/@esbuild%2flinux-ppc64 set size:undefined disposed:false
890 silly fetch manifest @rollup/rollup-openbsd-x64@4.63.5
891 silly packumentCache full:https://registry.npmjs.org/@rollup%2frollup-openbsd-x64 cache-miss
892 http fetch GET 200 https://registry.npmjs.org/@esbuild%2flinux-arm 244ms (cache miss)
893 silly packumentCache full:https://registry.npmjs.org/@esbuild%2flinux-arm set size:undefined disposed:false
894 silly fetch manifest @napi-rs/lzma-linux-x64-gnu@1.5.1
895 silly packumentCache full:https://registry.npmjs.org/@napi-rs%2flzma-linux-x64-gnu cache-miss
896 http fetch GET 200 https://registry.npmjs.org/@esbuild%2fwin32-x64 250ms (cache miss)
897 silly packumentCache full:https://registry.npmjs.org/@esbuild%2fwin32-x64 set size:undefined disposed:false
898 silly fetch manifest @rollup/rollup-darwin-arm64@4.63.5
899 silly packumentCache full:https://registry.npmjs.org/@rollup%2frollup-darwin-arm64 cache-miss
900 http fetch GET 200 https://registry.npmjs.org/@types%2festree 109ms (cache miss)
901 silly packumentCache full:https://registry.npmjs.org/@types%2festree set size:undefined disposed:false
902 silly fetch manifest @rollup/rollup-android-arm64@4.63.5
903 silly packumentCache full:https://registry.npmjs.org/@rollup%2frollup-android-arm64 cache-miss
904 http fetch GET 200 https://registry.npmjs.org/@esbuild%2flinux-loong64 155ms (cache miss)
905 silly packumentCache full:https://registry.npmjs.org/@esbuild%2flinux-loong64 set size:undefined disposed:false
906 silly fetch manifest @rollup/rollup-freebsd-arm64@4.63.5
907 silly packumentCache full:https://registry.npmjs.org/@rollup%2frollup-freebsd-arm64 cache-miss
908 http fetch GET 200 https://registry.npmjs.org/@rollup%2frollup-freebsd-x64 123ms (cache miss)
909 silly packumentCache full:https://registry.npmjs.org/@rollup%2frollup-freebsd-x64 set size:undefined disposed:false
910 silly fetch manifest @rollup/rollup-linux-x64-gnu@4.63.5
911 silly packumentCache full:https://registry.npmjs.org/@rollup%2frollup-linux-x64-gnu cache-miss
912 http fetch GET 200 https://registry.npmjs.org/@rollup%2frollup-openbsd-x64 118ms (cache miss)
913 silly packumentCache full:https://registry.npmjs.org/@rollup%2frollup-openbsd-x64 set size:undefined disposed:false
914 silly fetch manifest @rollup/rollup-win32-x64-gnu@4.63.5
915 silly packumentCache full:https://registry.npmjs.org/@rollup%2frollup-win32-x64-gnu cache-miss
916 http fetch GET 200 https://registry.npmjs.org/@esbuild%2flinux-riscv64 192ms (cache miss)
917 silly packumentCache full:https://registry.npmjs.org/@esbuild%2flinux-riscv64 set size:undefined disposed:false
918 silly fetch manifest @rollup/rollup-linux-x64-musl@4.63.5
919 silly packumentCache full:https://registry.npmjs.org/@rollup%2frollup-linux-x64-musl cache-miss
920 http fetch GET 200 https://registry.npmjs.org/@napi-rs%2flzma-linux-x64-gnu 192ms (cache miss)
921 silly packumentCache full:https://registry.npmjs.org/@napi-rs%2flzma-linux-x64-gnu set size:undefined disposed:false
922 silly fetch manifest @rollup/rollup-win32-x64-msvc@4.63.5
923 silly packumentCache full:https://registry.npmjs.org/@rollup%2frollup-win32-x64-msvc cache-miss
924 http fetch GET 200 https://registry.npmjs.org/@esbuild%2flinux-s390x 576ms (cache miss)
925 silly packumentCache full:https://registry.npmjs.org/@esbuild%2flinux-s390x set size:undefined disposed:false
926 silly fetch manifest @rollup/rollup-linux-arm64-gnu@4.63.5
927 silly packumentCache full:https://registry.npmjs.org/@rollup%2frollup-linux-arm64-gnu cache-miss
928 http fetch GET 200 https://registry.npmjs.org/@esbuild%2fdarwin-arm64 465ms (cache miss)
929 silly packumentCache full:https://registry.npmjs.org/@esbuild%2fdarwin-arm64 set size:undefined disposed:false
930 silly fetch manifest @rollup/rollup-linux-ppc64-gnu@4.63.5
931 silly packumentCache full:https://registry.npmjs.org/@rollup%2frollup-linux-ppc64-gnu cache-miss
932 http fetch GET 200 https://registry.npmjs.org/@esbuild%2fandroid-arm64 479ms (cache miss)
933 silly packumentCache full:https://registry.npmjs.org/@esbuild%2fandroid-arm64 set size:undefined disposed:false
934 silly fetch manifest @rollup/rollup-linux-s390x-gnu@4.63.5
935 silly packumentCache full:https://registry.npmjs.org/@rollup%2frollup-linux-s390x-gnu cache-miss
936 http fetch GET 200 https://registry.npmjs.org/@rollup%2frollup-linux-x64-gnu 301ms (cache miss)
937 silly packumentCache full:https://registry.npmjs.org/@rollup%2frollup-linux-x64-gnu set size:undefined disposed:false
938 silly fetch manifest @rollup/rollup-win32-ia32-msvc@4.63.5
939 silly packumentCache full:https://registry.npmjs.org/@rollup%2frollup-win32-ia32-msvc cache-miss
940 http fetch GET 200 https://registry.npmjs.org/@rollup%2frollup-win32-x64-gnu 303ms (cache miss)
941 silly packumentCache full:https://registry.npmjs.org/@rollup%2frollup-win32-x64-gnu set size:undefined disposed:false
942 silly fetch manifest @rollup/rollup-android-arm-eabi@4.63.5
943 silly packumentCache full:https://registry.npmjs.org/@rollup%2frollup-android-arm-eabi cache-miss
944 http fetch GET 200 https://registry.npmjs.org/@rollup%2frollup-android-arm64 341ms (cache miss)
945 silly packumentCache full:https://registry.npmjs.org/@rollup%2frollup-android-arm64 set size:undefined disposed:false
946 silly fetch manifest @rollup/rollup-linux-arm64-musl@4.63.5
947 silly packumentCache full:https://registry.npmjs.org/@rollup%2frollup-linux-arm64-musl cache-miss
948 http fetch GET 200 https://registry.npmjs.org/@esbuild%2flinux-mips64el 460ms (cache miss)
949 silly packumentCache full:https://registry.npmjs.org/@esbuild%2flinux-mips64el set size:undefined disposed:false
950 silly fetch manifest @rollup/rollup-linux-ppc64-musl@4.63.5
951 silly packumentCache full:https://registry.npmjs.org/@rollup%2frollup-linux-ppc64-musl cache-miss
952 http fetch GET 200 https://registry.npmjs.org/@esbuild%2ffreebsd-arm64 494ms (cache miss)
953 silly packumentCache full:https://registry.npmjs.org/@esbuild%2ffreebsd-arm64 set size:undefined disposed:false
954 silly fetch manifest @rollup/rollup-win32-arm64-msvc@4.63.5
955 silly packumentCache full:https://registry.npmjs.org/@rollup%2frollup-win32-arm64-msvc cache-miss
956 http fetch GET 200 https://registry.npmjs.org/@rollup%2frollup-win32-x64-msvc 249ms (cache miss)
957 silly packumentCache full:https://registry.npmjs.org/@rollup%2frollup-win32-x64-msvc set size:undefined disposed:false
958 silly fetch manifest @rollup/rollup-linux-loong64-gnu@4.63.5
959 silly packumentCache full:https://registry.npmjs.org/@rollup%2frollup-linux-loong64-gnu cache-miss
960 http fetch GET 200 https://registry.npmjs.org/@rollup%2frollup-linux-arm64-gnu 129ms (cache miss)
961 silly packumentCache full:https://registry.npmjs.org/@rollup%2frollup-linux-arm64-gnu set size:undefined disposed:false
962 silly fetch manifest @rollup/rollup-linux-riscv64-gnu@4.63.5
963 silly packumentCache full:https://registry.npmjs.org/@rollup%2frollup-linux-riscv64-gnu cache-miss
964 http fetch GET 200 https://registry.npmjs.org/@rollup%2frollup-linux-ppc64-gnu 105ms (cache miss)
965 silly packumentCache full:https://registry.npmjs.org/@rollup%2frollup-linux-ppc64-gnu set size:undefined disposed:false
966 silly fetch manifest @rollup/rollup-openharmony-arm64@4.63.5
967 silly packumentCache full:https://registry.npmjs.org/@rollup%2frollup-openharmony-arm64 cache-miss
968 http fetch GET 200 https://registry.npmjs.org/@rollup%2frollup-darwin-arm64 481ms (cache miss)
969 silly packumentCache full:https://registry.npmjs.org/@rollup%2frollup-darwin-arm64 set size:undefined disposed:false
970 silly fetch manifest @rollup/rollup-linux-loong64-musl@4.63.5
971 silly packumentCache full:https://registry.npmjs.org/@rollup%2frollup-linux-loong64-musl cache-miss
972 http fetch GET 200 https://registry.npmjs.org/@rollup%2frollup-freebsd-arm64 395ms (cache miss)
973 silly packumentCache full:https://registry.npmjs.org/@rollup%2frollup-freebsd-arm64 set size:undefined disposed:false
974 silly fetch manifest @rollup/rollup-linux-riscv64-musl@4.63.5
975 silly packumentCache full:https://registry.npmjs.org/@rollup%2frollup-linux-riscv64-musl cache-miss
976 http fetch GET 200 https://registry.npmjs.org/@esbuild%2fwin32-arm64 644ms (cache miss)
977 silly packumentCache full:https://registry.npmjs.org/@esbuild%2fwin32-arm64 set size:undefined disposed:false
978 silly fetch manifest @rollup/rollup-linux-arm-gnueabihf@4.63.5
979 silly packumentCache full:https://registry.npmjs.org/@rollup%2frollup-linux-arm-gnueabihf cache-miss
980 http fetch GET 200 https://registry.npmjs.org/@rollup%2frollup-linux-arm64-musl 98ms (cache miss)
981 silly packumentCache full:https://registry.npmjs.org/@rollup%2frollup-linux-arm64-musl set size:undefined disposed:false
982 silly fetch manifest @rollup/rollup-linux-arm-musleabihf@4.63.5
983 silly packumentCache full:https://registry.npmjs.org/@rollup%2frollup-linux-arm-musleabihf cache-miss
984 http fetch GET 200 https://registry.npmjs.org/@rollup%2frollup-linux-s390x-gnu 142ms (cache miss)
985 silly packumentCache full:https://registry.npmjs.org/@rollup%2frollup-linux-s390x-gnu set size:undefined disposed:false
986 http fetch GET 200 https://registry.npmjs.org/@rollup%2frollup-linux-ppc64-musl 110ms (cache miss)
987 silly packumentCache full:https://registry.npmjs.org/@rollup%2frollup-linux-ppc64-musl set size:undefined disposed:false
988 http fetch GET 200 https://registry.npmjs.org/@rollup%2frollup-linux-riscv64-gnu 95ms (cache miss)
989 silly packumentCache full:https://registry.npmjs.org/@rollup%2frollup-linux-riscv64-gnu set size:undefined disposed:false
990 http fetch GET 200 https://registry.npmjs.org/@rollup%2frollup-linux-loong64-gnu 156ms (cache miss)
991 silly packumentCache full:https://registry.npmjs.org/@rollup%2frollup-linux-loong64-gnu set size:undefined disposed:false
992 http fetch GET 200 https://registry.npmjs.org/@rollup%2frollup-linux-x64-musl 468ms (cache miss)
993 silly packumentCache full:https://registry.npmjs.org/@rollup%2frollup-linux-x64-musl set size:undefined disposed:false
994 http fetch GET 200 https://registry.npmjs.org/@rollup%2frollup-darwin-x64 805ms (cache miss)
995 silly packumentCache full:https://registry.npmjs.org/@rollup%2frollup-darwin-x64 set size:undefined disposed:false
996 http fetch GET 200 https://registry.npmjs.org/@rollup%2frollup-linux-riscv64-musl 294ms (cache miss)
997 silly packumentCache full:https://registry.npmjs.org/@rollup%2frollup-linux-riscv64-musl set size:undefined disposed:false
998 http fetch GET 200 https://registry.npmjs.org/@rollup%2frollup-linux-arm-musleabihf 288ms (cache miss)
999 silly packumentCache full:https://registry.npmjs.org/@rollup%2frollup-linux-arm-musleabihf set size:undefined disposed:false
1000 http fetch GET 200 https://registry.npmjs.org/@rollup%2frollup-openharmony-arm64 346ms (cache miss)
1001 silly packumentCache full:https://registry.npmjs.org/@rollup%2frollup-openharmony-arm64 set size:undefined disposed:false
1002 http fetch GET 200 https://registry.npmjs.org/@rollup%2frollup-linux-loong64-musl 334ms (cache miss)
1003 silly packumentCache full:https://registry.npmjs.org/@rollup%2frollup-linux-loong64-musl set size:undefined disposed:false
1004 http fetch GET 200 https://registry.npmjs.org/@esbuild%2flinux-arm64 1121ms (cache miss)
1005 silly packumentCache full:https://registry.npmjs.org/@esbuild%2flinux-arm64 set size:undefined disposed:false
1006 http fetch GET 200 https://registry.npmjs.org/@rollup%2frollup-win32-arm64-msvc 450ms (cache miss)
1007 silly packumentCache full:https://registry.npmjs.org/@rollup%2frollup-win32-arm64-msvc set size:undefined disposed:false
1008 http fetch GET 200 https://registry.npmjs.org/@rollup%2frollup-linux-arm-gnueabihf 362ms (cache miss)
1009 silly packumentCache full:https://registry.npmjs.org/@rollup%2frollup-linux-arm-gnueabihf set size:undefined disposed:false
1010 http fetch GET 200 https://registry.npmjs.org/@rollup%2frollup-win32-ia32-msvc 1000ms (cache miss)
1011 silly packumentCache full:https://registry.npmjs.org/@rollup%2frollup-win32-ia32-msvc set size:undefined disposed:false
1012 http fetch GET 200 https://registry.npmjs.org/@rollup%2frollup-android-arm-eabi 1085ms (cache miss)
1013 silly packumentCache full:https://registry.npmjs.org/@rollup%2frollup-android-arm-eabi set size:undefined disposed:false
1014 silly placeDep ROOT @esbuild/aix-ppc64@0.21.5 OK for: esbuild@0.21.5 want: 0.21.5
1015 silly placeDep ROOT @esbuild/android-arm@0.21.5 OK for: esbuild@0.21.5 want: 0.21.5
1016 silly placeDep ROOT @esbuild/android-arm64@0.21.5 OK for: esbuild@0.21.5 want: 0.21.5
1017 silly placeDep ROOT @esbuild/android-x64@0.21.5 OK for: esbuild@0.21.5 want: 0.21.5
1018 silly placeDep ROOT @esbuild/darwin-arm64@0.21.5 OK for: esbuild@0.21.5 want: 0.21.5
1019 silly placeDep ROOT @esbuild/darwin-x64@0.21.5 OK for: esbuild@0.21.5 want: 0.21.5
1020 silly placeDep ROOT @esbuild/freebsd-arm64@0.21.5 OK for: esbuild@0.21.5 want: 0.21.5
1021 silly placeDep ROOT @esbuild/freebsd-x64@0.21.5 OK for: esbuild@0.21.5 want: 0.21.5
1022 silly placeDep ROOT @esbuild/linux-arm@0.21.5 OK for: esbuild@0.21.5 want: 0.21.5
1023 silly placeDep ROOT @esbuild/linux-arm64@0.21.5 OK for: esbuild@0.21.5 want: 0.21.5
1024 silly placeDep ROOT @esbuild/linux-ia32@0.21.5 OK for: esbuild@0.21.5 want: 0.21.5
1025 silly placeDep ROOT @esbuild/linux-loong64@0.21.5 OK for: esbuild@0.21.5 want: 0.21.5
1026 silly placeDep ROOT @esbuild/linux-mips64el@0.21.5 OK for: esbuild@0.21.5 want: 0.21.5
1027 silly placeDep ROOT @esbuild/linux-ppc64@0.21.5 OK for: esbuild@0.21.5 want: 0.21.5
1028 silly placeDep ROOT @esbuild/linux-riscv64@0.21.5 OK for: esbuild@0.21.5 want: 0.21.5
1029 silly placeDep ROOT @esbuild/linux-s390x@0.21.5 OK for: esbuild@0.21.5 want: 0.21.5
1030 silly placeDep ROOT @esbuild/linux-x64@0.21.5 OK for: esbuild@0.21.5 want: 0.21.5
1031 silly placeDep ROOT @esbuild/netbsd-x64@0.21.5 OK for: esbuild@0.21.5 want: 0.21.5
1032 silly placeDep ROOT @esbuild/openbsd-x64@0.21.5 OK for: esbuild@0.21.5 want: 0.21.5
1033 silly placeDep ROOT @esbuild/sunos-x64@0.21.5 OK for: esbuild@0.21.5 want: 0.21.5
1034 silly placeDep ROOT @esbuild/win32-arm64@0.21.5 OK for: esbuild@0.21.5 want: 0.21.5
1035 silly placeDep ROOT @esbuild/win32-ia32@0.21.5 OK for: esbuild@0.21.5 want: 0.21.5
1036 silly placeDep ROOT @esbuild/win32-x64@0.21.5 OK for: esbuild@0.21.5 want: 0.21.5
1037 silly placeDep ROOT @napi-rs/lzma-linux-x64-gnu@1.5.1 OK for: rollup@4.63.5 want: 1.5.1
1038 silly placeDep ROOT @rollup/rollup-android-arm-eabi@4.63.5 OK for: rollup@4.63.5 want: 4.63.5
1039 silly placeDep ROOT @rollup/rollup-android-arm64@4.63.5 OK for: rollup@4.63.5 want: 4.63.5
1040 silly placeDep ROOT @rollup/rollup-darwin-arm64@4.63.5 OK for: rollup@4.63.5 want: 4.63.5
1041 silly placeDep ROOT @rollup/rollup-darwin-x64@4.63.5 OK for: rollup@4.63.5 want: 4.63.5
1042 silly placeDep ROOT @rollup/rollup-freebsd-arm64@4.63.5 OK for: rollup@4.63.5 want: 4.63.5
1043 silly placeDep ROOT @rollup/rollup-freebsd-x64@4.63.5 OK for: rollup@4.63.5 want: 4.63.5
1044 silly placeDep ROOT @rollup/rollup-linux-arm-gnueabihf@4.63.5 OK for: rollup@4.63.5 want: 4.63.5
1045 silly placeDep ROOT @rollup/rollup-linux-arm-musleabihf@4.63.5 OK for: rollup@4.63.5 want: 4.63.5
1046 silly placeDep ROOT @rollup/rollup-linux-arm64-gnu@4.63.5 OK for: rollup@4.63.5 want: 4.63.5
1047 silly placeDep ROOT @rollup/rollup-linux-arm64-musl@4.63.5 OK for: rollup@4.63.5 want: 4.63.5
1048 silly placeDep ROOT @rollup/rollup-linux-loong64-gnu@4.63.5 OK for: rollup@4.63.5 want: 4.63.5
1049 silly placeDep ROOT @rollup/rollup-linux-loong64-musl@4.63.5 OK for: rollup@4.63.5 want: 4.63.5
1050 silly placeDep ROOT @rollup/rollup-linux-ppc64-gnu@4.63.5 OK for: rollup@4.63.5 want: 4.63.5
1051 silly placeDep ROOT @rollup/rollup-linux-ppc64-musl@4.63.5 OK for: rollup@4.63.5 want: 4.63.5
1052 silly placeDep ROOT @rollup/rollup-linux-riscv64-gnu@4.63.5 OK for: rollup@4.63.5 want: 4.63.5
1053 silly placeDep ROOT @rollup/rollup-linux-riscv64-musl@4.63.5 OK for: rollup@4.63.5 want: 4.63.5
1054 silly placeDep ROOT @rollup/rollup-linux-s390x-gnu@4.63.5 OK for: rollup@4.63.5 want: 4.63.5
1055 silly placeDep ROOT @rollup/rollup-linux-x64-gnu@4.63.5 OK for: rollup@4.63.5 want: 4.63.5
1056 silly placeDep ROOT @rollup/rollup-linux-x64-musl@4.63.5 OK for: rollup@4.63.5 want: 4.63.5
1057 silly placeDep ROOT @rollup/rollup-openbsd-x64@4.63.5 OK for: rollup@4.63.5 want: 4.63.5
1058 silly placeDep ROOT @rollup/rollup-openharmony-arm64@4.63.5 OK for: rollup@4.63.5 want: 4.63.5
1059 silly placeDep ROOT @rollup/rollup-win32-arm64-msvc@4.63.5 OK for: rollup@4.63.5 want: 4.63.5
1060 silly placeDep ROOT @rollup/rollup-win32-ia32-msvc@4.63.5 OK for: rollup@4.63.5 want: 4.63.5
1061 silly placeDep ROOT @rollup/rollup-win32-x64-gnu@4.63.5 OK for: rollup@4.63.5 want: 4.63.5
1062 silly placeDep ROOT @rollup/rollup-win32-x64-msvc@4.63.5 OK for: rollup@4.63.5 want: 4.63.5
1063 silly placeDep ROOT @types/estree@1.0.9 OK for: rollup@4.63.5 want: 1.0.9
1064 silly reify moves {}
1065 verbose reify failed optional dependency D:\Downloads\ngo\node_modules\@rollup\rollup-win32-ia32-msvc
1066 silly reify mark deleted [ 'D:\\Downloads\\ngo\\node_modules\\@rollup\\rollup-win32-ia32-msvc' ]
1067 verbose reify failed optional dependency D:\Downloads\ngo\node_modules\@rollup\rollup-win32-arm64-msvc
1068 silly reify mark deleted [
1068 silly reify   'D:\\Downloads\\ngo\\node_modules\\@rollup\\rollup-win32-arm64-msvc'
1068 silly reify ]
1069 verbose reify failed optional dependency D:\Downloads\ngo\node_modules\@rollup\rollup-openharmony-arm64
1070 silly reify mark deleted [
1070 silly reify   'D:\\Downloads\\ngo\\node_modules\\@rollup\\rollup-openharmony-arm64'
1070 silly reify ]
1071 verbose reify failed optional dependency D:\Downloads\ngo\node_modules\@rollup\rollup-openbsd-x64
1072 silly reify mark deleted [ 'D:\\Downloads\\ngo\\node_modules\\@rollup\\rollup-openbsd-x64' ]
1073 verbose reify failed optional dependency D:\Downloads\ngo\node_modules\@rollup\rollup-linux-x64-musl
1074 silly reify mark deleted [ 'D:\\Downloads\\ngo\\node_modules\\@rollup\\rollup-linux-x64-musl' ]
1075 verbose reify failed optional dependency D:\Downloads\ngo\node_modules\@rollup\rollup-linux-x64-gnu
1076 silly reify mark deleted [ 'D:\\Downloads\\ngo\\node_modules\\@rollup\\rollup-linux-x64-gnu' ]
1077 verbose reify failed optional dependency D:\Downloads\ngo\node_modules\@rollup\rollup-linux-s390x-gnu
1078 silly reify mark deleted [ 'D:\\Downloads\\ngo\\node_modules\\@rollup\\rollup-linux-s390x-gnu' ]
1079 verbose reify failed optional dependency D:\Downloads\ngo\node_modules\@rollup\rollup-linux-riscv64-musl
1080 silly reify mark deleted [
1080 silly reify   'D:\\Downloads\\ngo\\node_modules\\@rollup\\rollup-linux-riscv64-musl'
1080 silly reify ]
1081 verbose reify failed optional dependency D:\Downloads\ngo\node_modules\@rollup\rollup-linux-riscv64-gnu
1082 silly reify mark deleted [
1082 silly reify   'D:\\Downloads\\ngo\\node_modules\\@rollup\\rollup-linux-riscv64-gnu'
1082 silly reify ]
1083 verbose reify failed optional dependency D:\Downloads\ngo\node_modules\@rollup\rollup-linux-ppc64-musl
1084 silly reify mark deleted [
1084 silly reify   'D:\\Downloads\\ngo\\node_modules\\@rollup\\rollup-linux-ppc64-musl'
1084 silly reify ]
1085 verbose reify failed optional dependency D:\Downloads\ngo\node_modules\@rollup\rollup-linux-ppc64-gnu
1086 silly reify mark deleted [ 'D:\\Downloads\\ngo\\node_modules\\@rollup\\rollup-linux-ppc64-gnu' ]
1087 verbose reify failed optional dependency D:\Downloads\ngo\node_modules\@rollup\rollup-linux-loong64-musl
1088 silly reify mark deleted [
1088 silly reify   'D:\\Downloads\\ngo\\node_modules\\@rollup\\rollup-linux-loong64-musl'
1088 silly reify ]
1089 verbose reify failed optional dependency D:\Downloads\ngo\node_modules\@rollup\rollup-linux-loong64-gnu
1090 silly reify mark deleted [
1090 silly reify   'D:\\Downloads\\ngo\\node_modules\\@rollup\\rollup-linux-loong64-gnu'
1090 silly reify ]
1091 verbose reify failed optional dependency D:\Downloads\ngo\node_modules\@rollup\rollup-linux-arm64-musl
1092 silly reify mark deleted [
1092 silly reify   'D:\\Downloads\\ngo\\node_modules\\@rollup\\rollup-linux-arm64-musl'
1092 silly reify ]
1093 verbose reify failed optional dependency D:\Downloads\ngo\node_modules\@rollup\rollup-linux-arm64-gnu
1094 silly reify mark deleted [ 'D:\\Downloads\\ngo\\node_modules\\@rollup\\rollup-linux-arm64-gnu' ]
1095 verbose reify failed optional dependency D:\Downloads\ngo\node_modules\@rollup\rollup-linux-arm-musleabihf
1096 silly reify mark deleted [
1096 silly reify   'D:\\Downloads\\ngo\\node_modules\\@rollup\\rollup-linux-arm-musleabihf'
1096 silly reify ]
1097 verbose reify failed optional dependency D:\Downloads\ngo\node_modules\@rollup\rollup-linux-arm-gnueabihf
1098 silly reify mark deleted [
1098 silly reify   'D:\\Downloads\\ngo\\node_modules\\@rollup\\rollup-linux-arm-gnueabihf'
1098 silly reify ]
1099 verbose reify failed optional dependency D:\Downloads\ngo\node_modules\@rollup\rollup-freebsd-x64
1100 silly reify mark deleted [ 'D:\\Downloads\\ngo\\node_modules\\@rollup\\rollup-freebsd-x64' ]
1101 verbose reify failed optional dependency D:\Downloads\ngo\node_modules\@rollup\rollup-freebsd-arm64
1102 silly reify mark deleted [ 'D:\\Downloads\\ngo\\node_modules\\@rollup\\rollup-freebsd-arm64' ]
1103 verbose reify failed optional dependency D:\Downloads\ngo\node_modules\@rollup\rollup-darwin-x64
1104 silly reify mark deleted [ 'D:\\Downloads\\ngo\\node_modules\\@rollup\\rollup-darwin-x64' ]
1105 verbose reify failed optional dependency D:\Downloads\ngo\node_modules\@rollup\rollup-darwin-arm64
1106 silly reify mark deleted [ 'D:\\Downloads\\ngo\\node_modules\\@rollup\\rollup-darwin-arm64' ]
1107 verbose reify failed optional dependency D:\Downloads\ngo\node_modules\@rollup\rollup-android-arm64
1108 silly reify mark deleted [ 'D:\\Downloads\\ngo\\node_modules\\@rollup\\rollup-android-arm64' ]
1109 verbose reify failed optional dependency D:\Downloads\ngo\node_modules\@rollup\rollup-android-arm-eabi
1110 silly reify mark deleted [
1110 silly reify   'D:\\Downloads\\ngo\\node_modules\\@rollup\\rollup-android-arm-eabi'
1110 silly reify ]
1111 verbose reify failed optional dependency D:\Downloads\ngo\node_modules\@napi-rs\lzma-linux-x64-gnu
1112 silly reify mark deleted [ 'D:\\Downloads\\ngo\\node_modules\\@napi-rs\\lzma-linux-x64-gnu' ]
1113 verbose reify failed optional dependency D:\Downloads\ngo\node_modules\@esbuild\win32-ia32
1114 silly reify mark deleted [ 'D:\\Downloads\\ngo\\node_modules\\@esbuild\\win32-ia32' ]
1115 verbose reify failed optional dependency D:\Downloads\ngo\node_modules\@esbuild\win32-arm64
1116 silly reify mark deleted [ 'D:\\Downloads\\ngo\\node_modules\\@esbuild\\win32-arm64' ]
1117 verbose reify failed optional dependency D:\Downloads\ngo\node_modules\@esbuild\sunos-x64
1118 silly reify mark deleted [ 'D:\\Downloads\\ngo\\node_modules\\@esbuild\\sunos-x64' ]
1119 verbose reify failed optional dependency D:\Downloads\ngo\node_modules\@esbuild\openbsd-x64
1120 silly reify mark deleted [ 'D:\\Downloads\\ngo\\node_modules\\@esbuild\\openbsd-x64' ]
1121 verbose reify failed optional dependency D:\Downloads\ngo\node_modules\@esbuild\netbsd-x64
1122 silly reify mark deleted [ 'D:\\Downloads\\ngo\\node_modules\\@esbuild\\netbsd-x64' ]
1123 verbose reify failed optional dependency D:\Downloads\ngo\node_modules\@esbuild\linux-x64
1124 silly reify mark deleted [ 'D:\\Downloads\\ngo\\node_modules\\@esbuild\\linux-x64' ]
1125 verbose reify failed optional dependency D:\Downloads\ngo\node_modules\@esbuild\linux-s390x
1126 silly reify mark deleted [ 'D:\\Downloads\\ngo\\node_modules\\@esbuild\\linux-s390x' ]
1127 verbose reify failed optional dependency D:\Downloads\ngo\node_modules\@esbuild\linux-riscv64
1128 silly reify mark deleted [ 'D:\\Downloads\\ngo\\node_modules\\@esbuild\\linux-riscv64' ]
1129 verbose reify failed optional dependency D:\Downloads\ngo\node_modules\@esbuild\linux-ppc64
1130 silly reify mark deleted [ 'D:\\Downloads\\ngo\\node_modules\\@esbuild\\linux-ppc64' ]
1131 verbose reify failed optional dependency D:\Downloads\ngo\node_modules\@esbuild\linux-mips64el
1132 silly reify mark deleted [ 'D:\\Downloads\\ngo\\node_modules\\@esbuild\\linux-mips64el' ]
1133 verbose reify failed optional dependency D:\Downloads\ngo\node_modules\@esbuild\linux-loong64
1134 silly reify mark deleted [ 'D:\\Downloads\\ngo\\node_modules\\@esbuild\\linux-loong64' ]
1135 verbose reify failed optional dependency D:\Downloads\ngo\node_modules\@esbuild\linux-ia32
1136 silly reify mark deleted [ 'D:\\Downloads\\ngo\\node_modules\\@esbuild\\linux-ia32' ]
1137 verbose reify failed optional dependency D:\Downloads\ngo\node_modules\@esbuild\linux-arm64
1138 silly reify mark deleted [ 'D:\\Downloads\\ngo\\node_modules\\@esbuild\\linux-arm64' ]
1139 verbose reify failed optional dependency D:\Downloads\ngo\node_modules\@esbuild\linux-arm
1140 silly reify mark deleted [ 'D:\\Downloads\\ngo\\node_modules\\@esbuild\\linux-arm' ]
1141 verbose reify failed optional dependency D:\Downloads\ngo\node_modules\@esbuild\freebsd-x64
1142 silly reify mark deleted [ 'D:\\Downloads\\ngo\\node_modules\\@esbuild\\freebsd-x64' ]
1143 verbose reify failed optional dependency D:\Downloads\ngo\node_modules\@esbuild\freebsd-arm64
1144 silly reify mark deleted [ 'D:\\Downloads\\ngo\\node_modules\\@esbuild\\freebsd-arm64' ]
1145 verbose reify failed optional dependency D:\Downloads\ngo\node_modules\@esbuild\darwin-x64
1146 silly reify mark deleted [ 'D:\\Downloads\\ngo\\node_modules\\@esbuild\\darwin-x64' ]
1147 verbose reify failed optional dependency D:\Downloads\ngo\node_modules\@esbuild\darwin-arm64
1148 silly reify mark deleted [ 'D:\\Downloads\\ngo\\node_modules\\@esbuild\\darwin-arm64' ]
1149 verbose reify failed optional dependency D:\Downloads\ngo\node_modules\@esbuild\android-x64
1150 silly reify mark deleted [ 'D:\\Downloads\\ngo\\node_modules\\@esbuild\\android-x64' ]
1151 verbose reify failed optional dependency D:\Downloads\ngo\node_modules\@esbuild\android-arm64
1152 silly reify mark deleted [ 'D:\\Downloads\\ngo\\node_modules\\@esbuild\\android-arm64' ]
1153 verbose reify failed optional dependency D:\Downloads\ngo\node_modules\@esbuild\android-arm
1154 silly reify mark deleted [ 'D:\\Downloads\\ngo\\node_modules\\@esbuild\\android-arm' ]
1155 verbose reify failed optional dependency D:\Downloads\ngo\node_modules\@esbuild\aix-ppc64
1156 silly reify mark deleted [ 'D:\\Downloads\\ngo\\node_modules\\@esbuild\\aix-ppc64' ]
1157 verbose reify failed optional dependency D:\Downloads\ngo\node_modules\fsevents
1158 silly reify mark deleted [ 'D:\\Downloads\\ngo\\node_modules\\fsevents' ]
1159 http cache @rollup/rollup-win32-x64-gnu@https://registry.npmjs.org/@rollup/rollup-win32-x64-gnu/-/rollup-win32-x64-gnu-4.63.5.tgz 1ms (cache hit)
1160 http cache @rollup/rollup-win32-x64-msvc@https://registry.npmjs.org/@rollup/rollup-win32-x64-msvc/-/rollup-win32-x64-msvc-4.63.5.tgz 0ms (cache hit)
1161 http cache @types/estree@https://registry.npmjs.org/@types/estree/-/estree-1.0.9.tgz 0ms (cache hit)
1162 http cache rollup@https://registry.npmjs.org/rollup/-/rollup-4.63.5.tgz 0ms (cache hit)
1163 http cache @esbuild/win32-x64@https://registry.npmjs.org/@esbuild/win32-x64/-/win32-x64-0.21.5.tgz 0ms (cache hit)
1164 http cache esbuild@https://registry.npmjs.org/esbuild/-/esbuild-0.21.5.tgz 0ms (cache hit)
1165 http cache escalade@https://registry.npmjs.org/escalade/-/escalade-3.2.0.tgz 0ms (cache hit)
1166 http cache is-number@https://registry.npmjs.org/is-number/-/is-number-7.0.0.tgz 0ms (cache hit)
1167 http cache thenify@https://registry.npmjs.org/thenify/-/thenify-3.3.1.tgz 0ms (cache hit)
1168 http cache thenify-all@https://registry.npmjs.org/thenify-all/-/thenify-all-1.6.0.tgz 0ms (cache hit)
1169 http cache object-assign@https://registry.npmjs.org/object-assign/-/object-assign-4.1.1.tgz 0ms (cache hit)
1170 http cache ts-interface-checker@https://registry.npmjs.org/ts-interface-checker/-/ts-interface-checker-0.1.13.tgz 0ms (cache hit)
1171 http cache pirates@https://registry.npmjs.org/pirates/-/pirates-4.0.7.tgz 0ms (cache hit)
1172 http cache any-promise@https://registry.npmjs.org/any-promise/-/any-promise-1.3.0.tgz 0ms (cache hit)
1173 http cache mz@https://registry.npmjs.org/mz/-/mz-2.7.0.tgz 0ms (cache hit)
1174 http cache lines-and-columns@https://registry.npmjs.org/lines-and-columns/-/lines-and-columns-1.2.4.tgz 0ms (cache hit)
1175 http cache tinyglobby@https://registry.npmjs.org/tinyglobby/-/tinyglobby-0.2.17.tgz 0ms (cache hit)
1176 http cache commander@https://registry.npmjs.org/commander/-/commander-4.1.1.tgz 0ms (cache hit)
1177 http cache function-bind@https://registry.npmjs.org/function-bind/-/function-bind-1.1.2.tgz 0ms (cache hit)
1178 http cache queue-microtask@https://registry.npmjs.org/queue-microtask/-/queue-microtask-1.2.3.tgz 0ms (cache hit)
1179 http cache hasown@https://registry.npmjs.org/hasown/-/hasown-2.0.4.tgz 0ms (cache hit)
1180 http cache supports-preserve-symlinks-flag@https://registry.npmjs.org/supports-preserve-symlinks-flag/-/supports-preserve-symlinks-flag-1.0.0.tgz 0ms (cache hit)
1181 http cache path-parse@https://registry.npmjs.org/path-parse/-/path-parse-1.0.7.tgz 0ms (cache hit)
1182 http cache is-core-module@https://registry.npmjs.org/is-core-module/-/is-core-module-2.17.0.tgz 0ms (cache hit)
1183 http cache es-errors@https://registry.npmjs.org/es-errors/-/es-errors-1.3.0.tgz 0ms (cache hit)
1184 http cache util-deprecate@https://registry.npmjs.org/util-deprecate/-/util-deprecate-1.0.2.tgz 0ms (cache hit)
1185 http cache cssesc@https://registry.npmjs.org/cssesc/-/cssesc-3.0.0.tgz 0ms (cache hit)
1186 http cache camelcase-css@https://registry.npmjs.org/camelcase-css/-/camelcase-css-2.0.1.tgz 0ms (cache hit)
1187 http cache binary-extensions@https://registry.npmjs.org/binary-extensions/-/binary-extensions-2.3.0.tgz 0ms (cache hit)
1188 http cache to-regex-range@https://registry.npmjs.org/to-regex-range/-/to-regex-range-5.0.1.tgz 0ms (cache hit)
1189 http cache read-cache@https://registry.npmjs.org/read-cache/-/read-cache-1.0.2.tgz 0ms (cache hit)
1190 http cache is-extglob@https://registry.npmjs.org/is-extglob/-/is-extglob-2.1.1.tgz 0ms (cache hit)
1191 http cache run-parallel@https://registry.npmjs.org/run-parallel/-/run-parallel-1.2.0.tgz 0ms (cache hit)
1192 http cache fastq@https://registry.npmjs.org/fastq/-/fastq-1.20.3.tgz 0ms (cache hit)
1193 http cache reusify@https://registry.npmjs.org/reusify/-/reusify-1.1.0.tgz 0ms (cache hit)
1194 http cache @nodelib/fs.scandir@https://registry.npmjs.org/@nodelib/fs.scandir/-/fs.scandir-2.1.5.tgz 0ms (cache hit)
1195 http cache merge2@https://registry.npmjs.org/merge2/-/merge2-1.4.1.tgz 1ms (cache hit)
1196 http cache @nodelib/fs.walk@https://registry.npmjs.org/@nodelib/fs.walk/-/fs.walk-1.2.8.tgz 0ms (cache hit)
1197 http cache @nodelib/fs.stat@https://registry.npmjs.org/@nodelib/fs.stat/-/fs.stat-2.0.5.tgz 0ms (cache hit)
1198 http cache picomatch@https://registry.npmjs.org/picomatch/-/picomatch-2.3.2.tgz 0ms (cache hit)
1199 http cache readdirp@https://registry.npmjs.org/readdirp/-/readdirp-3.6.0.tgz 0ms (cache hit)
1200 http cache fill-range@https://registry.npmjs.org/fill-range/-/fill-range-7.1.1.tgz 0ms (cache hit)
1201 http cache braces@https://registry.npmjs.org/braces/-/braces-3.0.3.tgz 0ms (cache hit)
1202 http cache anymatch@https://registry.npmjs.org/anymatch/-/anymatch-3.1.3.tgz 0ms (cache hit)
1203 http cache is-binary-path@https://registry.npmjs.org/is-binary-path/-/is-binary-path-2.1.0.tgz 0ms (cache hit)
1204 http cache sucrase@https://registry.npmjs.org/sucrase/-/sucrase-3.35.1.tgz 0ms (cache hit)
1205 http cache resolve@https://registry.npmjs.org/resolve/-/resolve-1.22.12.tgz 0ms (cache hit)
1206 http cache postcss-selector-parser@https://registry.npmjs.org/postcss-selector-parser/-/postcss-selector-parser-6.1.4.tgz 0ms (cache hit)
1207 http cache postcss-nested@https://registry.npmjs.org/postcss-nested/-/postcss-nested-6.2.0.tgz 0ms (cache hit)
1208 http cache postcss-load-config@https://registry.npmjs.org/postcss-load-config/-/postcss-load-config-6.0.1.tgz 0ms (cache hit)
1209 http cache postcss-js@https://registry.npmjs.org/postcss-js/-/postcss-js-4.1.0.tgz 0ms (cache hit)
1210 http cache postcss-import@https://registry.npmjs.org/postcss-import/-/postcss-import-15.1.0.tgz 0ms (cache hit)
1211 http cache object-hash@https://registry.npmjs.org/object-hash/-/object-hash-3.0.0.tgz 0ms (cache hit)
1212 http cache lilconfig@https://registry.npmjs.org/lilconfig/-/lilconfig-3.1.3.tgz 0ms (cache hit)
1213 http cache jiti@https://registry.npmjs.org/jiti/-/jiti-1.21.7.tgz 0ms (cache hit)
1214 http cache normalize-path@https://registry.npmjs.org/normalize-path/-/normalize-path-3.0.0.tgz 0ms (cache hit)
1215 http cache micromatch@https://registry.npmjs.org/micromatch/-/micromatch-4.0.8.tgz 0ms (cache hit)
1216 http cache glob-parent@https://registry.npmjs.org/glob-parent/-/glob-parent-6.0.2.tgz 0ms (cache hit)
1217 http cache fast-glob@https://registry.npmjs.org/fast-glob/-/fast-glob-3.3.3.tgz 0ms (cache hit)
1218 http cache is-glob@https://registry.npmjs.org/is-glob/-/is-glob-4.0.3.tgz 0ms (cache hit)
1219 http cache didyoumean@https://registry.npmjs.org/didyoumean/-/didyoumean-1.2.2.tgz 0ms (cache hit)
1220 http cache dlv@https://registry.npmjs.org/dlv/-/dlv-1.1.3.tgz 0ms (cache hit)
1221 http cache chokidar@https://registry.npmjs.org/chokidar/-/chokidar-3.6.0.tgz 0ms (cache hit)
1222 http cache arg@https://registry.npmjs.org/arg/-/arg-5.0.2.tgz 0ms (cache hit)
1223 http cache @alloc/quick-lru@https://registry.npmjs.org/@alloc/quick-lru/-/quick-lru-5.3.0.tgz 0ms (cache hit)
1224 http cache react-router@https://registry.npmjs.org/react-router/-/react-router-6.30.6.tgz 0ms (cache hit)
1225 http cache scheduler@https://registry.npmjs.org/scheduler/-/scheduler-0.23.2.tgz 0ms (cache hit)
1226 http cache @remix-run/router@https://registry.npmjs.org/@remix-run/router/-/router-1.23.4.tgz 0ms (cache hit)
1227 http cache source-map-js@https://registry.npmjs.org/source-map-js/-/source-map-js-1.2.1.tgz 0ms (cache hit)
1228 http cache loose-envify@https://registry.npmjs.org/loose-envify/-/loose-envify-1.4.0.tgz 0ms (cache hit)
1229 http cache nanoid@https://registry.npmjs.org/nanoid/-/nanoid-3.3.19.tgz 0ms (cache hit)
1230 http cache yallist@https://registry.npmjs.org/yallist/-/yallist-3.1.1.tgz 0ms (cache hit)
1231 http cache update-browserslist-db@https://registry.npmjs.org/update-browserslist-db/-/update-browserslist-db-1.3.3.tgz 0ms (cache hit)
1232 http cache node-releases@https://registry.npmjs.org/node-releases/-/node-releases-2.0.57.tgz 0ms (cache hit)
1233 http cache ms@https://registry.npmjs.org/ms/-/ms-2.1.3.tgz 0ms (cache hit)
1234 http cache electron-to-chromium@https://registry.npmjs.org/electron-to-chromium/-/electron-to-chromium-1.5.439.tgz 0ms (cache hit)
1235 http cache baseline-browser-mapping@https://registry.npmjs.org/baseline-browser-mapping/-/baseline-browser-mapping-2.11.26.tgz 0ms (cache hit)
1236 http cache postcss-value-parser@https://registry.npmjs.org/postcss-value-parser/-/postcss-value-parser-4.2.0.tgz 0ms (cache hit)
1237 http cache fraction.js@https://registry.npmjs.org/fraction.js/-/fraction.js-5.3.4.tgz 0ms (cache hit)
1238 http cache @types/babel__template@https://registry.npmjs.org/@types/babel__template/-/babel__template-7.4.4.tgz 0ms (cache hit)
1239 http cache caniuse-lite@https://registry.npmjs.org/caniuse-lite/-/caniuse-lite-1.0.30001812.tgz 0ms (cache hit)
1240 http cache @types/babel__traverse@https://registry.npmjs.org/@types/babel__traverse/-/babel__traverse-7.28.0.tgz 0ms (cache hit)
1241 http cache @jridgewell/resolve-uri@https://registry.npmjs.org/@jridgewell/resolve-uri/-/resolve-uri-3.1.2.tgz 0ms (cache hit)
1242 http cache @types/babel__generator@https://registry.npmjs.org/@types/babel__generator/-/babel__generator-7.27.0.tgz 0ms (cache hit)
1243 http cache @babel/helper-string-parser@https://registry.npmjs.org/@babel/helper-string-parser/-/helper-string-parser-7.29.7.tgz 0ms (cache hit)
1244 http cache @jridgewell/sourcemap-codec@https://registry.npmjs.org/@jridgewell/sourcemap-codec/-/sourcemap-codec-1.6.0.tgz 0ms (cache hit)
1245 http cache @babel/helper-globals@https://registry.npmjs.org/@babel/helper-globals/-/helper-globals-7.29.7.tgz 0ms (cache hit)
1246 http cache @babel/helper-module-imports@https://registry.npmjs.org/@babel/helper-module-imports/-/helper-module-imports-7.29.7.tgz 0ms (cache hit)
1247 http cache @babel/helper-plugin-utils@https://registry.npmjs.org/@babel/helper-plugin-utils/-/helper-plugin-utils-7.29.7.tgz 0ms (cache hit)
1248 http cache browserslist@https://registry.npmjs.org/browserslist/-/browserslist-4.29.1.tgz 0ms (cache hit)
1249 http cache lru-cache@https://registry.npmjs.org/lru-cache/-/lru-cache-5.1.1.tgz 0ms (cache hit)
1250 http cache @babel/helper-validator-option@https://registry.npmjs.org/@babel/helper-validator-option/-/helper-validator-option-7.29.7.tgz 0ms (cache hit)
1251 http cache jsesc@https://registry.npmjs.org/jsesc/-/jsesc-3.1.0.tgz 0ms (cache hit)
1252 http cache @babel/compat-data@https://registry.npmjs.org/@babel/compat-data/-/compat-data-7.29.7.tgz 0ms (cache hit)
1253 http cache @jridgewell/trace-mapping@https://registry.npmjs.org/@jridgewell/trace-mapping/-/trace-mapping-0.3.31.tgz 0ms (cache hit)
1254 http cache @jridgewell/gen-mapping@https://registry.npmjs.org/@jridgewell/gen-mapping/-/gen-mapping-0.3.13.tgz 0ms (cache hit)
1255 http cache picocolors@https://registry.npmjs.org/picocolors/-/picocolors-1.1.1.tgz 0ms (cache hit)
1256 http cache js-tokens@https://registry.npmjs.org/js-tokens/-/js-tokens-4.0.0.tgz 0ms (cache hit)
1257 http cache semver@https://registry.npmjs.org/semver/-/semver-6.3.1.tgz 0ms (cache hit)
1258 http cache json5@https://registry.npmjs.org/json5/-/json5-2.2.3.tgz 0ms (cache hit)
1259 http cache @babel/helper-validator-identifier@https://registry.npmjs.org/@babel/helper-validator-identifier/-/helper-validator-identifier-7.29.7.tgz 0ms (cache hit)
1260 http cache debug@https://registry.npmjs.org/debug/-/debug-4.4.3.tgz 0ms (cache hit)
1261 http cache gensync@https://registry.npmjs.org/gensync/-/gensync-1.0.0-beta.2.tgz 0ms (cache hit)
1262 http cache convert-source-map@https://registry.npmjs.org/convert-source-map/-/convert-source-map-2.0.0.tgz 0ms (cache hit)
1263 http cache @jridgewell/remapping@https://registry.npmjs.org/@jridgewell/remapping/-/remapping-2.3.5.tgz 0ms (cache hit)
1264 http cache @babel/types@https://registry.npmjs.org/@babel/types/-/types-7.29.8.tgz 0ms (cache hit)
1265 http cache @babel/helper-module-transforms@https://registry.npmjs.org/@babel/helper-module-transforms/-/helper-module-transforms-7.29.7.tgz 0ms (cache hit)
1266 http cache @babel/template@https://registry.npmjs.org/@babel/template/-/template-7.29.7.tgz 0ms (cache hit)
1267 http cache @babel/parser@https://registry.npmjs.org/@babel/parser/-/parser-7.29.9.tgz 0ms (cache hit)
1268 http cache @babel/helper-compilation-targets@https://registry.npmjs.org/@babel/helper-compilation-targets/-/helper-compilation-targets-7.29.7.tgz 0ms (cache hit)
1269 http cache @babel/traverse@https://registry.npmjs.org/@babel/traverse/-/traverse-7.29.8.tgz 0ms (cache hit)
1270 http cache react-refresh@https://registry.npmjs.org/react-refresh/-/react-refresh-0.17.0.tgz 0ms (cache hit)
1271 http cache @types/babel__core@https://registry.npmjs.org/@types/babel__core/-/babel__core-7.20.5.tgz 0ms (cache hit)
1272 http cache @rolldown/pluginutils@https://registry.npmjs.org/@rolldown/pluginutils/-/pluginutils-1.0.0-beta.27.tgz 0ms (cache hit)
1273 http cache @babel/plugin-transform-react-jsx-source@https://registry.npmjs.org/@babel/plugin-transform-react-jsx-source/-/plugin-transform-react-jsx-source-7.29.7.tgz 0ms (cache hit)
1274 http cache @babel/plugin-transform-react-jsx-self@https://registry.npmjs.org/@babel/plugin-transform-react-jsx-self/-/plugin-transform-react-jsx-self-7.29.7.tgz 0ms (cache hit)
1275 http cache @babel/core@https://registry.npmjs.org/@babel/core/-/core-7.29.7.tgz 0ms (cache hit)
1276 http cache tailwindcss@https://registry.npmjs.org/tailwindcss/-/tailwindcss-3.4.19.tgz 0ms (cache hit)
1277 http cache react-router-dom@https://registry.npmjs.org/react-router-dom/-/react-router-dom-6.30.6.tgz 0ms (cache hit)
1278 http cache react-dom@https://registry.npmjs.org/react-dom/-/react-dom-18.3.1.tgz 0ms (cache hit)
1279 http cache react@https://registry.npmjs.org/react/-/react-18.3.1.tgz 0ms (cache hit)
1280 http cache @babel/generator@https://registry.npmjs.org/@babel/generator/-/generator-7.29.8.tgz 0ms (cache hit)
1281 http cache @babel/code-frame@https://registry.npmjs.org/@babel/code-frame/-/code-frame-7.29.7.tgz 0ms (cache hit)
1282 http cache postcss@https://registry.npmjs.org/postcss/-/postcss-8.5.28.tgz 0ms (cache hit)
1283 http cache @babel/helpers@https://registry.npmjs.org/@babel/helpers/-/helpers-7.29.7.tgz 0ms (cache hit)
1284 http cache autoprefixer@https://registry.npmjs.org/autoprefixer/-/autoprefixer-10.6.1.tgz 0ms (cache hit)
1285 http cache vite@https://registry.npmjs.org/vite/-/vite-5.4.21.tgz 0ms (cache hit)
1286 http cache @vitejs/plugin-react@https://registry.npmjs.org/@vitejs/plugin-react/-/plugin-react-4.7.0.tgz 0ms (cache hit)
1287 http cache glob-parent@https://registry.npmjs.org/glob-parent/-/glob-parent-5.1.2.tgz 0ms (cache hit)
1288 http cache fdir@https://registry.npmjs.org/fdir/-/fdir-6.5.0.tgz 0ms (cache hit)
1289 http cache glob-parent@https://registry.npmjs.org/glob-parent/-/glob-parent-5.1.2.tgz 0ms (cache hit)
1290 http cache picomatch@https://registry.npmjs.org/picomatch/-/picomatch-4.0.7.tgz 0ms (cache hit)
1291 silly tarball no local data for @rollup/rollup-win32-x64-gnu@https://registry.npmjs.org/@rollup/rollup-win32-x64-gnu/-/rollup-win32-x64-gnu-4.63.5.tgz. Extracting by manifest.
1292 silly tarball no local data for @rollup/rollup-win32-x64-msvc@https://registry.npmjs.org/@rollup/rollup-win32-x64-msvc/-/rollup-win32-x64-msvc-4.63.5.tgz. Extracting by manifest.
1293 silly tarball no local data for @types/estree@https://registry.npmjs.org/@types/estree/-/estree-1.0.9.tgz. Extracting by manifest.
1294 silly tarball no local data for rollup@https://registry.npmjs.org/rollup/-/rollup-4.63.5.tgz. Extracting by manifest.
1295 silly tarball no local data for @esbuild/win32-x64@https://registry.npmjs.org/@esbuild/win32-x64/-/win32-x64-0.21.5.tgz. Extracting by manifest.
1296 silly tarball no local data for esbuild@https://registry.npmjs.org/esbuild/-/esbuild-0.21.5.tgz. Extracting by manifest.
1297 silly tarball no local data for escalade@https://registry.npmjs.org/escalade/-/escalade-3.2.0.tgz. Extracting by manifest.
1298 silly tarball no local data for is-number@https://registry.npmjs.org/is-number/-/is-number-7.0.0.tgz. Extracting by manifest.
1299 silly tarball no local data for thenify@https://registry.npmjs.org/thenify/-/thenify-3.3.1.tgz. Extracting by manifest.
1300 silly tarball no local data for thenify-all@https://registry.npmjs.org/thenify-all/-/thenify-all-1.6.0.tgz. Extracting by manifest.
1301 silly tarball no local data for object-assign@https://registry.npmjs.org/object-assign/-/object-assign-4.1.1.tgz. Extracting by manifest.
1302 silly tarball no local data for ts-interface-checker@https://registry.npmjs.org/ts-interface-checker/-/ts-interface-checker-0.1.13.tgz. Extracting by manifest.
1303 silly tarball no local data for pirates@https://registry.npmjs.org/pirates/-/pirates-4.0.7.tgz. Extracting by manifest.
1304 silly tarball no local data for any-promise@https://registry.npmjs.org/any-promise/-/any-promise-1.3.0.tgz. Extracting by manifest.
1305 silly tarball no local data for mz@https://registry.npmjs.org/mz/-/mz-2.7.0.tgz. Extracting by manifest.
1306 silly tarball no local data for lines-and-columns@https://registry.npmjs.org/lines-and-columns/-/lines-and-columns-1.2.4.tgz. Extracting by manifest.
1307 silly tarball no local data for tinyglobby@https://registry.npmjs.org/tinyglobby/-/tinyglobby-0.2.17.tgz. Extracting by manifest.
1308 silly tarball no local data for commander@https://registry.npmjs.org/commander/-/commander-4.1.1.tgz. Extracting by manifest.
1309 silly tarball no local data for function-bind@https://registry.npmjs.org/function-bind/-/function-bind-1.1.2.tgz. Extracting by manifest.
1310 silly tarball no local data for queue-microtask@https://registry.npmjs.org/queue-microtask/-/queue-microtask-1.2.3.tgz. Extracting by manifest.
1311 silly tarball no local data for hasown@https://registry.npmjs.org/hasown/-/hasown-2.0.4.tgz. Extracting by manifest.
1312 silly tarball no local data for supports-preserve-symlinks-flag@https://registry.npmjs.org/supports-preserve-symlinks-flag/-/supports-preserve-symlinks-flag-1.0.0.tgz. Extracting by manifest.
1313 silly tarball no local data for path-parse@https://registry.npmjs.org/path-parse/-/path-parse-1.0.7.tgz. Extracting by manifest.
1314 silly tarball no local data for is-core-module@https://registry.npmjs.org/is-core-module/-/is-core-module-2.17.0.tgz. Extracting by manifest.
1315 silly tarball no local data for es-errors@https://registry.npmjs.org/es-errors/-/es-errors-1.3.0.tgz. Extracting by manifest.
1316 silly tarball no local data for util-deprecate@https://registry.npmjs.org/util-deprecate/-/util-deprecate-1.0.2.tgz. Extracting by manifest.
1317 silly tarball no local data for cssesc@https://registry.npmjs.org/cssesc/-/cssesc-3.0.0.tgz. Extracting by manifest.
1318 silly tarball no local data for camelcase-css@https://registry.npmjs.org/camelcase-css/-/camelcase-css-2.0.1.tgz. Extracting by manifest.
1319 silly tarball no local data for binary-extensions@https://registry.npmjs.org/binary-extensions/-/binary-extensions-2.3.0.tgz. Extracting by manifest.
1320 silly tarball no local data for to-regex-range@https://registry.npmjs.org/to-regex-range/-/to-regex-range-5.0.1.tgz. Extracting by manifest.
1321 silly tarball no local data for read-cache@https://registry.npmjs.org/read-cache/-/read-cache-1.0.2.tgz. Extracting by manifest.
1322 silly tarball no local data for is-extglob@https://registry.npmjs.org/is-extglob/-/is-extglob-2.1.1.tgz. Extracting by manifest.
1323 silly tarball no local data for run-parallel@https://registry.npmjs.org/run-parallel/-/run-parallel-1.2.0.tgz. Extracting by manifest.
1324 silly tarball no local data for fastq@https://registry.npmjs.org/fastq/-/fastq-1.20.3.tgz. Extracting by manifest.
1325 silly tarball no local data for reusify@https://registry.npmjs.org/reusify/-/reusify-1.1.0.tgz. Extracting by manifest.
1326 silly tarball no local data for @nodelib/fs.scandir@https://registry.npmjs.org/@nodelib/fs.scandir/-/fs.scandir-2.1.5.tgz. Extracting by manifest.
1327 silly tarball no local data for merge2@https://registry.npmjs.org/merge2/-/merge2-1.4.1.tgz. Extracting by manifest.
1328 silly tarball no local data for @nodelib/fs.walk@https://registry.npmjs.org/@nodelib/fs.walk/-/fs.walk-1.2.8.tgz. Extracting by manifest.
1329 silly tarball no local data for @nodelib/fs.stat@https://registry.npmjs.org/@nodelib/fs.stat/-/fs.stat-2.0.5.tgz. Extracting by manifest.
1330 silly tarball no local data for picomatch@https://registry.npmjs.org/picomatch/-/picomatch-2.3.2.tgz. Extracting by manifest.
1331 silly tarball no local data for readdirp@https://registry.npmjs.org/readdirp/-/readdirp-3.6.0.tgz. Extracting by manifest.
1332 silly tarball no local data for fill-range@https://registry.npmjs.org/fill-range/-/fill-range-7.1.1.tgz. Extracting by manifest.
1333 silly tarball no local data for braces@https://registry.npmjs.org/braces/-/braces-3.0.3.tgz. Extracting by manifest.
1334 silly tarball no local data for anymatch@https://registry.npmjs.org/anymatch/-/anymatch-3.1.3.tgz. Extracting by manifest.
1335 silly tarball no local data for is-binary-path@https://registry.npmjs.org/is-binary-path/-/is-binary-path-2.1.0.tgz. Extracting by manifest.
1336 silly tarball no local data for sucrase@https://registry.npmjs.org/sucrase/-/sucrase-3.35.1.tgz. Extracting by manifest.
1337 silly tarball no local data for resolve@https://registry.npmjs.org/resolve/-/resolve-1.22.12.tgz. Extracting by manifest.
1338 silly tarball no local data for postcss-selector-parser@https://registry.npmjs.org/postcss-selector-parser/-/postcss-selector-parser-6.1.4.tgz. Extracting by manifest.
1339 silly tarball no local data for postcss-nested@https://registry.npmjs.org/postcss-nested/-/postcss-nested-6.2.0.tgz. Extracting by manifest.
1340 silly tarball no local data for postcss-load-config@https://registry.npmjs.org/postcss-load-config/-/postcss-load-config-6.0.1.tgz. Extracting by manifest.
1341 silly tarball no local data for postcss-js@https://registry.npmjs.org/postcss-js/-/postcss-js-4.1.0.tgz. Extracting by manifest.
1342 silly tarball no local data for postcss-import@https://registry.npmjs.org/postcss-import/-/postcss-import-15.1.0.tgz. Extracting by manifest.
1343 silly tarball no local data for object-hash@https://registry.npmjs.org/object-hash/-/object-hash-3.0.0.tgz. Extracting by manifest.
1344 silly tarball no local data for lilconfig@https://registry.npmjs.org/lilconfig/-/lilconfig-3.1.3.tgz. Extracting by manifest.
1345 silly tarball no local data for jiti@https://registry.npmjs.org/jiti/-/jiti-1.21.7.tgz. Extracting by manifest.
1346 silly tarball no local data for normalize-path@https://registry.npmjs.org/normalize-path/-/normalize-path-3.0.0.tgz. Extracting by manifest.
1347 silly tarball no local data for micromatch@https://registry.npmjs.org/micromatch/-/micromatch-4.0.8.tgz. Extracting by manifest.
1348 silly tarball no local data for glob-parent@https://registry.npmjs.org/glob-parent/-/glob-parent-6.0.2.tgz. Extracting by manifest.
1349 silly tarball no local data for fast-glob@https://registry.npmjs.org/fast-glob/-/fast-glob-3.3.3.tgz. Extracting by manifest.
1350 silly tarball no local data for is-glob@https://registry.npmjs.org/is-glob/-/is-glob-4.0.3.tgz. Extracting by manifest.
1351 silly tarball no local data for didyoumean@https://registry.npmjs.org/didyoumean/-/didyoumean-1.2.2.tgz. Extracting by manifest.
1352 silly tarball no local data for dlv@https://registry.npmjs.org/dlv/-/dlv-1.1.3.tgz. Extracting by manifest.
1353 silly tarball no local data for chokidar@https://registry.npmjs.org/chokidar/-/chokidar-3.6.0.tgz. Extracting by manifest.
1354 silly tarball no local data for arg@https://registry.npmjs.org/arg/-/arg-5.0.2.tgz. Extracting by manifest.
1355 silly tarball no local data for @alloc/quick-lru@https://registry.npmjs.org/@alloc/quick-lru/-/quick-lru-5.3.0.tgz. Extracting by manifest.
1356 silly tarball no local data for react-router@https://registry.npmjs.org/react-router/-/react-router-6.30.6.tgz. Extracting by manifest.
1357 silly tarball no local data for scheduler@https://registry.npmjs.org/scheduler/-/scheduler-0.23.2.tgz. Extracting by manifest.
1358 silly tarball no local data for @remix-run/router@https://registry.npmjs.org/@remix-run/router/-/router-1.23.4.tgz. Extracting by manifest.
1359 silly tarball no local data for source-map-js@https://registry.npmjs.org/source-map-js/-/source-map-js-1.2.1.tgz. Extracting by manifest.
1360 silly tarball no local data for loose-envify@https://registry.npmjs.org/loose-envify/-/loose-envify-1.4.0.tgz. Extracting by manifest.
1361 silly tarball no local data for nanoid@https://registry.npmjs.org/nanoid/-/nanoid-3.3.19.tgz. Extracting by manifest.
1362 silly tarball no local data for yallist@https://registry.npmjs.org/yallist/-/yallist-3.1.1.tgz. Extracting by manifest.
1363 silly tarball no local data for update-browserslist-db@https://registry.npmjs.org/update-browserslist-db/-/update-browserslist-db-1.3.3.tgz. Extracting by manifest.
1364 silly tarball no local data for node-releases@https://registry.npmjs.org/node-releases/-/node-releases-2.0.57.tgz. Extracting by manifest.
1365 silly tarball no local data for ms@https://registry.npmjs.org/ms/-/ms-2.1.3.tgz. Extracting by manifest.
1366 silly tarball no local data for electron-to-chromium@https://registry.npmjs.org/electron-to-chromium/-/electron-to-chromium-1.5.439.tgz. Extracting by manifest.
1367 silly tarball no local data for baseline-browser-mapping@https://registry.npmjs.org/baseline-browser-mapping/-/baseline-browser-mapping-2.11.26.tgz. Extracting by manifest.
1368 silly tarball no local data for postcss-value-parser@https://registry.npmjs.org/postcss-value-parser/-/postcss-value-parser-4.2.0.tgz. Extracting by manifest.
1369 silly tarball no local data for fraction.js@https://registry.npmjs.org/fraction.js/-/fraction.js-5.3.4.tgz. Extracting by manifest.
1370 silly tarball no local data for @types/babel__template@https://registry.npmjs.org/@types/babel__template/-/babel__template-7.4.4.tgz. Extracting by manifest.
1371 silly tarball no local data for caniuse-lite@https://registry.npmjs.org/caniuse-lite/-/caniuse-lite-1.0.30001812.tgz. Extracting by manifest.
1372 silly tarball no local data for @types/babel__traverse@https://registry.npmjs.org/@types/babel__traverse/-/babel__traverse-7.28.0.tgz. Extracting by manifest.
1373 silly tarball no local data for @jridgewell/resolve-uri@https://registry.npmjs.org/@jridgewell/resolve-uri/-/resolve-uri-3.1.2.tgz. Extracting by manifest.
1374 silly tarball no local data for @types/babel__generator@https://registry.npmjs.org/@types/babel__generator/-/babel__generator-7.27.0.tgz. Extracting by manifest.
1375 silly tarball no local data for @babel/helper-string-parser@https://registry.npmjs.org/@babel/helper-string-parser/-/helper-string-parser-7.29.7.tgz. Extracting by manifest.
1376 silly tarball no local data for @jridgewell/sourcemap-codec@https://registry.npmjs.org/@jridgewell/sourcemap-codec/-/sourcemap-codec-1.6.0.tgz. Extracting by manifest.
1377 silly tarball no local data for @babel/helper-globals@https://registry.npmjs.org/@babel/helper-globals/-/helper-globals-7.29.7.tgz. Extracting by manifest.
1378 silly tarball no local data for @babel/helper-module-imports@https://registry.npmjs.org/@babel/helper-module-imports/-/helper-module-imports-7.29.7.tgz. Extracting by manifest.
1379 silly tarball no local data for @babel/helper-plugin-utils@https://registry.npmjs.org/@babel/helper-plugin-utils/-/helper-plugin-utils-7.29.7.tgz. Extracting by manifest.
1380 silly tarball no local data for browserslist@https://registry.npmjs.org/browserslist/-/browserslist-4.29.1.tgz. Extracting by manifest.
1381 silly tarball no local data for lru-cache@https://registry.npmjs.org/lru-cache/-/lru-cache-5.1.1.tgz. Extracting by manifest.
1382 silly tarball no local data for @babel/helper-validator-option@https://registry.npmjs.org/@babel/helper-validator-option/-/helper-validator-option-7.29.7.tgz. Extracting by manifest.
1383 silly tarball no local data for jsesc@https://registry.npmjs.org/jsesc/-/jsesc-3.1.0.tgz. Extracting by manifest.
1384 silly tarball no local data for @babel/compat-data@https://registry.npmjs.org/@babel/compat-data/-/compat-data-7.29.7.tgz. Extracting by manifest.
1385 silly tarball no local data for @jridgewell/trace-mapping@https://registry.npmjs.org/@jridgewell/trace-mapping/-/trace-mapping-0.3.31.tgz. Extracting by manifest.
1386 silly tarball no local data for @jridgewell/gen-mapping@https://registry.npmjs.org/@jridgewell/gen-mapping/-/gen-mapping-0.3.13.tgz. Extracting by manifest.
1387 silly tarball no local data for picocolors@https://registry.npmjs.org/picocolors/-/picocolors-1.1.1.tgz. Extracting by manifest.
1388 silly tarball no local data for js-tokens@https://registry.npmjs.org/js-tokens/-/js-tokens-4.0.0.tgz. Extracting by manifest.
1389 silly tarball no local data for semver@https://registry.npmjs.org/semver/-/semver-6.3.1.tgz. Extracting by manifest.
1390 silly tarball no local data for json5@https://registry.npmjs.org/json5/-/json5-2.2.3.tgz. Extracting by manifest.
1391 silly tarball no local data for @babel/helper-validator-identifier@https://registry.npmjs.org/@babel/helper-validator-identifier/-/helper-validator-identifier-7.29.7.tgz. Extracting by manifest.
1392 silly tarball no local data for debug@https://registry.npmjs.org/debug/-/debug-4.4.3.tgz. Extracting by manifest.
1393 silly tarball no local data for gensync@https://registry.npmjs.org/gensync/-/gensync-1.0.0-beta.2.tgz. Extracting by manifest.
1394 silly tarball no local data for convert-source-map@https://registry.npmjs.org/convert-source-map/-/convert-source-map-2.0.0.tgz. Extracting by manifest.
1395 silly tarball no local data for @jridgewell/remapping@https://registry.npmjs.org/@jridgewell/remapping/-/remapping-2.3.5.tgz. Extracting by manifest.
1396 silly tarball no local data for @babel/types@https://registry.npmjs.org/@babel/types/-/types-7.29.8.tgz. Extracting by manifest.
1397 silly tarball no local data for @babel/helper-module-transforms@https://registry.npmjs.org/@babel/helper-module-transforms/-/helper-module-transforms-7.29.7.tgz. Extracting by manifest.
1398 silly tarball no local data for @babel/template@https://registry.npmjs.org/@babel/template/-/template-7.29.7.tgz. Extracting by manifest.
1399 silly tarball no local data for @babel/parser@https://registry.npmjs.org/@babel/parser/-/parser-7.29.9.tgz. Extracting by manifest.
1400 silly tarball no local data for @babel/helper-compilation-targets@https://registry.npmjs.org/@babel/helper-compilation-targets/-/helper-compilation-targets-7.29.7.tgz. Extracting by manifest.
1401 silly tarball no local data for @babel/traverse@https://registry.npmjs.org/@babel/traverse/-/traverse-7.29.8.tgz. Extracting by manifest.
1402 silly tarball no local data for react-refresh@https://registry.npmjs.org/react-refresh/-/react-refresh-0.17.0.tgz. Extracting by manifest.
1403 silly tarball no local data for @types/babel__core@https://registry.npmjs.org/@types/babel__core/-/babel__core-7.20.5.tgz. Extracting by manifest.
1404 silly tarball no local data for @rolldown/pluginutils@https://registry.npmjs.org/@rolldown/pluginutils/-/pluginutils-1.0.0-beta.27.tgz. Extracting by manifest.
1405 silly tarball no local data for @babel/plugin-transform-react-jsx-source@https://registry.npmjs.org/@babel/plugin-transform-react-jsx-source/-/plugin-transform-react-jsx-source-7.29.7.tgz. Extracting by manifest.
1406 silly tarball no local data for @babel/plugin-transform-react-jsx-self@https://registry.npmjs.org/@babel/plugin-transform-react-jsx-self/-/plugin-transform-react-jsx-self-7.29.7.tgz. Extracting by manifest.
1407 silly tarball no local data for @babel/core@https://registry.npmjs.org/@babel/core/-/core-7.29.7.tgz. Extracting by manifest.
1408 silly tarball no local data for tailwindcss@https://registry.npmjs.org/tailwindcss/-/tailwindcss-3.4.19.tgz. Extracting by manifest.
1409 silly tarball no local data for react-router-dom@https://registry.npmjs.org/react-router-dom/-/react-router-dom-6.30.6.tgz. Extracting by manifest.
1410 silly tarball no local data for react-dom@https://registry.npmjs.org/react-dom/-/react-dom-18.3.1.tgz. Extracting by manifest.
1411 silly tarball no local data for react@https://registry.npmjs.org/react/-/react-18.3.1.tgz. Extracting by manifest.
1412 silly tarball no local data for @babel/generator@https://registry.npmjs.org/@babel/generator/-/generator-7.29.8.tgz. Extracting by manifest.
1413 silly tarball no local data for @babel/code-frame@https://registry.npmjs.org/@babel/code-frame/-/code-frame-7.29.7.tgz. Extracting by manifest.
1414 silly tarball no local data for postcss@https://registry.npmjs.org/postcss/-/postcss-8.5.28.tgz. Extracting by manifest.
1415 silly tarball no local data for @babel/helpers@https://registry.npmjs.org/@babel/helpers/-/helpers-7.29.7.tgz. Extracting by manifest.
1416 silly tarball no local data for autoprefixer@https://registry.npmjs.org/autoprefixer/-/autoprefixer-10.6.1.tgz. Extracting by manifest.
1417 silly tarball no local data for vite@https://registry.npmjs.org/vite/-/vite-5.4.21.tgz. Extracting by manifest.
1418 silly tarball no local data for @vitejs/plugin-react@https://registry.npmjs.org/@vitejs/plugin-react/-/plugin-react-4.7.0.tgz. Extracting by manifest.
1419 silly tarball no local data for glob-parent@https://registry.npmjs.org/glob-parent/-/glob-parent-5.1.2.tgz. Extracting by manifest.
1420 silly tarball no local data for fdir@https://registry.npmjs.org/fdir/-/fdir-6.5.0.tgz. Extracting by manifest.
1421 silly tarball no local data for glob-parent@https://registry.npmjs.org/glob-parent/-/glob-parent-5.1.2.tgz. Extracting by manifest.
1422 silly tarball no local data for picomatch@https://registry.npmjs.org/picomatch/-/picomatch-4.0.7.tgz. Extracting by manifest.
1423 http fetch GET 200 https://registry.npmjs.org/mz/-/mz-2.7.0.tgz 195ms (cache miss)
1424 http fetch GET 200 https://registry.npmjs.org/esbuild/-/esbuild-0.21.5.tgz 641ms (cache miss)
1425 http fetch GET 200 https://registry.npmjs.org/pirates/-/pirates-4.0.7.tgz 661ms (cache miss)
1426 http fetch GET 200 https://registry.npmjs.org/lines-and-columns/-/lines-and-columns-1.2.4.tgz 1045ms (cache miss)
1427 http fetch GET 200 https://registry.npmjs.org/tinyglobby/-/tinyglobby-0.2.17.tgz 1117ms (cache miss)
1428 http fetch GET 200 https://registry.npmjs.org/thenify/-/thenify-3.3.1.tgz 1245ms (cache miss)
1429 http fetch GET 200 https://registry.npmjs.org/@types/estree/-/estree-1.0.9.tgz 1254ms (cache miss)
1430 http fetch GET 200 https://registry.npmjs.org/ts-interface-checker/-/ts-interface-checker-0.1.13.tgz 1348ms (cache miss)
1431 http fetch GET 200 https://registry.npmjs.org/is-number/-/is-number-7.0.0.tgz 1350ms (cache miss)
1432 http fetch GET 200 https://registry.npmjs.org/function-bind/-/function-bind-1.1.2.tgz 1371ms (cache miss)
1433 http fetch GET 200 https://registry.npmjs.org/queue-microtask/-/queue-microtask-1.2.3.tgz 1401ms (cache miss)
1434 http fetch GET 200 https://registry.npmjs.org/hasown/-/hasown-2.0.4.tgz 1425ms (cache miss)
1435 http fetch GET 200 https://registry.npmjs.org/supports-preserve-symlinks-flag/-/supports-preserve-symlinks-flag-1.0.0.tgz 1426ms (cache miss)
1436 http fetch GET 200 https://registry.npmjs.org/commander/-/commander-4.1.1.tgz 1429ms (cache miss)
1437 http fetch GET 200 https://registry.npmjs.org/any-promise/-/any-promise-1.3.0.tgz 1476ms (cache miss)
1438 http fetch GET 200 https://registry.npmjs.org/thenify-all/-/thenify-all-1.6.0.tgz 1477ms (cache miss)
1439 http fetch GET 200 https://registry.npmjs.org/path-parse/-/path-parse-1.0.7.tgz 1508ms (cache miss)
1440 http fetch GET 200 https://registry.npmjs.org/es-errors/-/es-errors-1.3.0.tgz 1529ms (cache miss)
1441 http fetch GET 200 https://registry.npmjs.org/object-assign/-/object-assign-4.1.1.tgz 1533ms (cache miss)
1442 http fetch GET 200 https://registry.npmjs.org/util-deprecate/-/util-deprecate-1.0.2.tgz 1534ms (cache miss)
1443 http fetch GET 200 https://registry.npmjs.org/escalade/-/escalade-3.2.0.tgz 1538ms (cache miss)
1444 http fetch GET 200 https://registry.npmjs.org/is-core-module/-/is-core-module-2.17.0.tgz 1536ms (cache miss)
1445 http fetch GET 200 https://registry.npmjs.org/camelcase-css/-/camelcase-css-2.0.1.tgz 1548ms (cache miss)
1446 http fetch GET 200 https://registry.npmjs.org/binary-extensions/-/binary-extensions-2.3.0.tgz 1549ms (cache miss)
1447 http fetch GET 200 https://registry.npmjs.org/cssesc/-/cssesc-3.0.0.tgz 1574ms (cache miss)
1448 http fetch GET 200 https://registry.npmjs.org/to-regex-range/-/to-regex-range-5.0.1.tgz 1649ms (cache miss)
1449 http fetch GET 200 https://registry.npmjs.org/run-parallel/-/run-parallel-1.2.0.tgz 1648ms (cache miss)
1450 http fetch GET 200 https://registry.npmjs.org/read-cache/-/read-cache-1.0.2.tgz 1648ms (cache miss)
1451 http fetch GET 200 https://registry.npmjs.org/merge2/-/merge2-1.4.1.tgz 1727ms (cache miss)
1452 http fetch GET 200 https://registry.npmjs.org/reusify/-/reusify-1.1.0.tgz 1730ms (cache miss)
1453 http fetch GET 200 https://registry.npmjs.org/fill-range/-/fill-range-7.1.1.tgz 1822ms (cache miss)
1454 http fetch GET 200 https://registry.npmjs.org/readdirp/-/readdirp-3.6.0.tgz 1822ms (cache miss)
1455 http fetch GET 200 https://registry.npmjs.org/braces/-/braces-3.0.3.tgz 1825ms (cache miss)
1456 http fetch GET 200 https://registry.npmjs.org/is-binary-path/-/is-binary-path-2.1.0.tgz 1986ms (cache miss)
1457 http fetch GET 200 https://registry.npmjs.org/anymatch/-/anymatch-3.1.3.tgz 2072ms (cache miss)
1458 http fetch GET 200 https://registry.npmjs.org/is-extglob/-/is-extglob-2.1.1.tgz 2092ms (cache miss)
1459 http fetch GET 200 https://registry.npmjs.org/picomatch/-/picomatch-2.3.2.tgz 2167ms (cache miss)
1460 http fetch GET 200 https://registry.npmjs.org/postcss-nested/-/postcss-nested-6.2.0.tgz 2165ms (cache miss)
1461 http fetch GET 200 https://registry.npmjs.org/@nodelib/fs.stat/-/fs.stat-2.0.5.tgz 2266ms (cache miss)
1462 http fetch GET 200 https://registry.npmjs.org/@nodelib/fs.walk/-/fs.walk-1.2.8.tgz 2266ms (cache miss)
1463 http fetch GET 200 https://registry.npmjs.org/postcss-js/-/postcss-js-4.1.0.tgz 2347ms (cache miss)
1464 http fetch GET 200 https://registry.npmjs.org/object-hash/-/object-hash-3.0.0.tgz 2431ms (cache miss)
1465 http fetch GET 200 https://registry.npmjs.org/postcss-import/-/postcss-import-15.1.0.tgz 2438ms (cache miss)
1466 http fetch GET 200 https://registry.npmjs.org/fastq/-/fastq-1.20.3.tgz 2609ms (cache miss)
1467 http fetch GET 200 https://registry.npmjs.org/normalize-path/-/normalize-path-3.0.0.tgz 2695ms (cache miss)
1468 http fetch GET 200 https://registry.npmjs.org/lilconfig/-/lilconfig-3.1.3.tgz 2695ms (cache miss)
1469 http fetch GET 200 https://registry.npmjs.org/micromatch/-/micromatch-4.0.8.tgz 2880ms (cache miss)
1470 http fetch GET 200 https://registry.npmjs.org/didyoumean/-/didyoumean-1.2.2.tgz 3217ms (cache miss)
1471 http fetch GET 200 https://registry.npmjs.org/glob-parent/-/glob-parent-6.0.2.tgz 3219ms (cache miss)
1472 http fetch GET 200 https://registry.npmjs.org/@nodelib/fs.scandir/-/fs.scandir-2.1.5.tgz 3224ms (cache miss)
1473 http fetch GET 200 https://registry.npmjs.org/dlv/-/dlv-1.1.3.tgz 3297ms (cache miss)
1474 http fetch GET 200 https://registry.npmjs.org/rollup/-/rollup-4.63.5.tgz 3324ms (cache miss)
1475 http fetch GET 200 https://registry.npmjs.org/@rollup/rollup-win32-x64-gnu/-/rollup-win32-x64-gnu-4.63.5.tgz 3408ms (cache miss)
1476 http fetch GET 200 https://registry.npmjs.org/arg/-/arg-5.0.2.tgz 3481ms (cache miss)
1477 http fetch GET 200 https://registry.npmjs.org/is-glob/-/is-glob-4.0.3.tgz 3482ms (cache miss)
1478 http fetch GET 200 https://registry.npmjs.org/postcss-selector-parser/-/postcss-selector-parser-6.1.4.tgz 3487ms (cache miss)
1479 http fetch GET 200 https://registry.npmjs.org/fast-glob/-/fast-glob-3.3.3.tgz 3496ms (cache miss)
1480 http fetch GET 200 https://registry.npmjs.org/@alloc/quick-lru/-/quick-lru-5.3.0.tgz 3645ms (cache miss)
1481 http fetch GET 200 https://registry.npmjs.org/resolve/-/resolve-1.22.12.tgz 3731ms (cache miss)
1482 http fetch GET 200 https://registry.npmjs.org/scheduler/-/scheduler-0.23.2.tgz 3821ms (cache miss)
1483 http fetch GET 200 https://registry.npmjs.org/postcss-load-config/-/postcss-load-config-6.0.1.tgz 3841ms (cache miss)
1484 http fetch GET 200 https://registry.npmjs.org/yallist/-/yallist-3.1.1.tgz 3840ms (cache miss)
1485 http fetch GET 200 https://registry.npmjs.org/nanoid/-/nanoid-3.3.19.tgz 3841ms (cache miss)
1486 http fetch GET 200 https://registry.npmjs.org/loose-envify/-/loose-envify-1.4.0.tgz 3893ms (cache miss)
1487 http fetch GET 200 https://registry.npmjs.org/node-releases/-/node-releases-2.0.57.tgz 4157ms (cache miss)
1488 http fetch GET 200 https://registry.npmjs.org/sucrase/-/sucrase-3.35.1.tgz 4289ms (cache miss)
1489 http fetch GET 200 https://registry.npmjs.org/update-browserslist-db/-/update-browserslist-db-1.3.3.tgz 4333ms (cache miss)
1490 http fetch GET 200 https://registry.npmjs.org/baseline-browser-mapping/-/baseline-browser-mapping-2.11.26.tgz 4405ms (cache miss)
1491 http fetch GET 200 https://registry.npmjs.org/@types/babel__template/-/babel__template-7.4.4.tgz 4421ms (cache miss)
1492 http fetch GET 200 https://registry.npmjs.org/jiti/-/jiti-1.21.7.tgz 4516ms (cache miss)
1493 http fetch GET 200 https://registry.npmjs.org/source-map-js/-/source-map-js-1.2.1.tgz 4515ms (cache miss)
1494 http fetch GET 200 https://registry.npmjs.org/@jridgewell/resolve-uri/-/resolve-uri-3.1.2.tgz 4597ms (cache miss)
1495 http fetch GET 200 https://registry.npmjs.org/@types/babel__traverse/-/babel__traverse-7.28.0.tgz 4951ms (cache miss)
1496 http fetch GET 200 https://registry.npmjs.org/@babel/helper-string-parser/-/helper-string-parser-7.29.7.tgz 4951ms (cache miss)
1497 http fetch GET 200 https://registry.npmjs.org/@types/babel__generator/-/babel__generator-7.27.0.tgz 4962ms (cache miss)
1498 http fetch GET 200 https://registry.npmjs.org/chokidar/-/chokidar-3.6.0.tgz 4996ms (cache miss)
1499 http fetch GET 200 https://registry.npmjs.org/@babel/helper-globals/-/helper-globals-7.29.7.tgz 5015ms (cache miss)
1500 http fetch GET 200 https://registry.npmjs.org/fraction.js/-/fraction.js-5.3.4.tgz 5018ms (cache miss)
1501 http fetch GET 200 https://registry.npmjs.org/postcss-value-parser/-/postcss-value-parser-4.2.0.tgz 5039ms (cache miss)
1502 http fetch GET 200 https://registry.npmjs.org/@babel/helper-module-imports/-/helper-module-imports-7.29.7.tgz 5045ms (cache miss)
1503 http fetch GET 200 https://registry.npmjs.org/@babel/helper-plugin-utils/-/helper-plugin-utils-7.29.7.tgz 5049ms (cache miss)
1504 http fetch GET 200 https://registry.npmjs.org/@jridgewell/sourcemap-codec/-/sourcemap-codec-1.6.0.tgz 5066ms (cache miss)
1505 http fetch GET 200 https://registry.npmjs.org/ms/-/ms-2.1.3.tgz 5070ms (cache miss)
1506 http fetch GET 200 https://registry.npmjs.org/@babel/compat-data/-/compat-data-7.29.7.tgz 5095ms (cache miss)
1507 http fetch GET 200 https://registry.npmjs.org/@babel/helper-validator-option/-/helper-validator-option-7.29.7.tgz 5107ms (cache miss)
1508 http fetch GET 200 https://registry.npmjs.org/js-tokens/-/js-tokens-4.0.0.tgz 5152ms (cache miss)
1509 http fetch GET 200 https://registry.npmjs.org/picocolors/-/picocolors-1.1.1.tgz 5176ms (cache miss)
1510 http fetch GET 200 https://registry.npmjs.org/semver/-/semver-6.3.1.tgz 5193ms (cache miss)
1511 http fetch GET 200 https://registry.npmjs.org/jsesc/-/jsesc-3.1.0.tgz 5284ms (cache miss)
1512 http fetch GET 200 https://registry.npmjs.org/gensync/-/gensync-1.0.0-beta.2.tgz 5283ms (cache miss)
1513 http fetch GET 200 https://registry.npmjs.org/@babel/helper-validator-identifier/-/helper-validator-identifier-7.29.7.tgz 5286ms (cache miss)
1514 http fetch GET 200 https://registry.npmjs.org/@jridgewell/gen-mapping/-/gen-mapping-0.3.13.tgz 5288ms (cache miss)
1515 http fetch GET 200 https://registry.npmjs.org/lru-cache/-/lru-cache-5.1.1.tgz 5346ms (cache miss)
1516 http fetch GET 200 https://registry.npmjs.org/@remix-run/router/-/router-1.23.4.tgz 5370ms (cache miss)
1517 http fetch GET 200 https://registry.npmjs.org/browserslist/-/browserslist-4.29.1.tgz 5385ms (cache miss)
1518 http fetch GET 200 https://registry.npmjs.org/@babel/helper-module-transforms/-/helper-module-transforms-7.29.7.tgz 5428ms (cache miss)
1519 http fetch GET 200 https://registry.npmjs.org/convert-source-map/-/convert-source-map-2.0.0.tgz 5436ms (cache miss)
1520 http fetch GET 200 https://registry.npmjs.org/debug/-/debug-4.4.3.tgz 5456ms (cache miss)
1521 http fetch GET 200 https://registry.npmjs.org/@jridgewell/remapping/-/remapping-2.3.5.tgz 5459ms (cache miss)
1522 http fetch GET 200 https://registry.npmjs.org/@types/babel__core/-/babel__core-7.20.5.tgz 5537ms (cache miss)
1523 http fetch GET 200 https://registry.npmjs.org/json5/-/json5-2.2.3.tgz 5580ms (cache miss)
1524 http fetch GET 200 https://registry.npmjs.org/react-refresh/-/react-refresh-0.17.0.tgz 5585ms (cache miss)
1525 http fetch GET 200 https://registry.npmjs.org/@babel/traverse/-/traverse-7.29.8.tgz 5586ms (cache miss)
1526 http fetch GET 200 https://registry.npmjs.org/@rolldown/pluginutils/-/pluginutils-1.0.0-beta.27.tgz 5604ms (cache miss)
1527 http fetch GET 200 https://registry.npmjs.org/@babel/plugin-transform-react-jsx-source/-/plugin-transform-react-jsx-source-7.29.7.tgz 5638ms (cache miss)
1528 http fetch GET 200 https://registry.npmjs.org/@babel/helper-compilation-targets/-/helper-compilation-targets-7.29.7.tgz 5653ms (cache miss)
1529 http fetch GET 200 https://registry.npmjs.org/@babel/plugin-transform-react-jsx-self/-/plugin-transform-react-jsx-self-7.29.7.tgz 5664ms (cache miss)
1530 http fetch GET 200 https://registry.npmjs.org/react-router/-/react-router-6.30.6.tgz 6019ms (cache miss)
1531 http fetch GET 200 https://registry.npmjs.org/@babel/core/-/core-7.29.7.tgz 6121ms (cache miss)
1532 http fetch GET 200 https://registry.npmjs.org/@babel/template/-/template-7.29.7.tgz 6217ms (cache miss)
1533 http fetch GET 200 https://registry.npmjs.org/postcss/-/postcss-8.5.28.tgz 6252ms (cache miss)
1534 http fetch GET 200 https://registry.npmjs.org/@babel/code-frame/-/code-frame-7.29.7.tgz 6287ms (cache miss)
1535 http fetch GET 200 https://registry.npmjs.org/@babel/parser/-/parser-7.29.9.tgz 6308ms (cache miss)
1536 http fetch GET 200 https://registry.npmjs.org/autoprefixer/-/autoprefixer-10.6.1.tgz 6496ms (cache miss)
1537 http fetch GET 200 https://registry.npmjs.org/glob-parent/-/glob-parent-5.1.2.tgz 7101ms (cache miss)
1538 http fetch GET 200 https://registry.npmjs.org/@vitejs/plugin-react/-/plugin-react-4.7.0.tgz 7159ms (cache miss)
1539 http fetch GET 200 https://registry.npmjs.org/react/-/react-18.3.1.tgz 7206ms (cache miss)
1540 http fetch GET 200 https://registry.npmjs.org/@rollup/rollup-win32-x64-msvc/-/rollup-win32-x64-msvc-4.63.5.tgz 7270ms (cache miss)
1541 http fetch GET 200 https://registry.npmjs.org/fdir/-/fdir-6.5.0.tgz 7307ms (cache miss)
1542 http fetch GET 200 https://registry.npmjs.org/glob-parent/-/glob-parent-5.1.2.tgz 7332ms (cache miss)
1543 http fetch GET 200 https://registry.npmjs.org/@babel/generator/-/generator-7.29.8.tgz 7403ms (cache miss)
1544 http fetch GET 200 https://registry.npmjs.org/@jridgewell/trace-mapping/-/trace-mapping-0.3.31.tgz 7411ms (cache miss)
1545 http fetch GET 200 https://registry.npmjs.org/picomatch/-/picomatch-4.0.7.tgz 7523ms (cache miss)
1546 http fetch GET 200 https://registry.npmjs.org/caniuse-lite/-/caniuse-lite-1.0.30001812.tgz 7718ms (cache miss)
1547 http fetch GET 200 https://registry.npmjs.org/@babel/helpers/-/helpers-7.29.7.tgz 9449ms (cache miss)
1548 http fetch GET 200 https://registry.npmjs.org/react-dom/-/react-dom-18.3.1.tgz 9624ms (cache miss)
1549 http fetch GET 200 https://registry.npmjs.org/@babel/types/-/types-7.29.8.tgz 9736ms (cache miss)
1550 http fetch GET 200 https://registry.npmjs.org/react-router-dom/-/react-router-dom-6.30.6.tgz 10125ms (cache miss)
1551 http fetch GET 200 https://registry.npmjs.org/vite/-/vite-5.4.21.tgz 10403ms (cache miss)
1552 http fetch GET 200 https://registry.npmjs.org/tailwindcss/-/tailwindcss-3.4.19.tgz 10543ms (cache miss)
1553 http fetch GET 200 https://registry.npmjs.org/electron-to-chromium/-/electron-to-chromium-1.5.439.tgz 11291ms (cache miss)
1554 http fetch GET 200 https://registry.npmjs.org/@esbuild/win32-x64/-/win32-x64-0.21.5.tgz 12275ms (cache miss)
1555 info run esbuild@0.21.5 postinstall node_modules/esbuild node install.js
1556 info run esbuild@0.21.5 postinstall { code: 0, signal: null }
1557 silly ADD node_modules/@types/estree
1558 silly ADD node_modules/@rollup/rollup-win32-x64-msvc
1559 silly ADD node_modules/@rollup/rollup-win32-x64-gnu
1560 silly ADD
1561 silly ADD
1562 silly ADD
1563 silly ADD
1564 silly ADD
1565 silly ADD
1566 silly ADD
1567 silly ADD
1568 silly ADD
1569 silly ADD
1570 silly ADD
1571 silly ADD
1572 silly ADD
1573 silly ADD
1574 silly ADD
1575 silly ADD
1576 silly ADD
1577 silly ADD
1578 silly ADD
1579 silly ADD
1580 silly ADD
1581 silly ADD
1582 silly ADD
1583 silly ADD
1584 silly ADD node_modules/@esbuild/win32-x64
1585 silly ADD
1586 silly ADD
1587 silly ADD
1588 silly ADD
1589 silly ADD
1590 silly ADD
1591 silly ADD
1592 silly ADD
1593 silly ADD
1594 silly ADD
1595 silly ADD
1596 silly ADD
1597 silly ADD
1598 silly ADD
1599 silly ADD
1600 silly ADD
1601 silly ADD
1602 silly ADD
1603 silly ADD
1604 silly ADD
1605 silly ADD
1606 silly ADD
1607 silly ADD node_modules/rollup
1608 silly ADD node_modules/esbuild
1609 silly ADD node_modules/escalade
1610 silly ADD node_modules/is-number
1611 silly ADD node_modules/thenify
1612 silly ADD node_modules/thenify-all
1613 silly ADD node_modules/object-assign
1614 silly ADD node_modules/any-promise
1615 silly ADD node_modules/ts-interface-checker
1616 silly ADD node_modules/tinyglobby
1617 silly ADD node_modules/tinyglobby/node_modules/picomatch
1618 silly ADD node_modules/tinyglobby/node_modules/fdir
1619 silly ADD node_modules/pirates
1620 silly ADD node_modules/mz
1621 silly ADD node_modules/lines-and-columns
1622 silly ADD node_modules/commander
1623 silly ADD node_modules/queue-microtask
1624 silly ADD node_modules/function-bind
1625 silly ADD node_modules/hasown
1626 silly ADD node_modules/supports-preserve-symlinks-flag
1627 silly ADD node_modules/path-parse
1628 silly ADD node_modules/is-core-module
1629 silly ADD node_modules/es-errors
1630 silly ADD node_modules/util-deprecate
1631 silly ADD node_modules/cssesc
1632 silly ADD node_modules/camelcase-css
1633 silly ADD node_modules/read-cache
1634 silly ADD node_modules/is-extglob
1635 silly ADD node_modules/binary-extensions
1636 silly ADD node_modules/to-regex-range
1637 silly ADD node_modules/reusify
1638 silly ADD node_modules/run-parallel
1639 silly ADD node_modules/fastq
1640 silly ADD node_modules/@nodelib/fs.scandir
1641 silly ADD node_modules/merge2
1642 silly ADD node_modules/@nodelib/fs.walk
1643 silly ADD node_modules/@nodelib/fs.stat
1644 silly ADD node_modules/fill-range
1645 silly ADD node_modules/picomatch
1646 silly ADD node_modules/readdirp
1647 silly ADD node_modules/is-binary-path
1648 silly ADD
1649 silly ADD node_modules/braces
1650 silly ADD node_modules/anymatch
1651 silly ADD node_modules/sucrase
1652 silly ADD node_modules/resolve
1653 silly ADD node_modules/postcss-selector-parser
1654 silly ADD node_modules/postcss-nested
1655 silly ADD node_modules/postcss-load-config
1656 silly ADD node_modules/postcss-js
1657 silly ADD node_modules/postcss-import
1658 silly ADD node_modules/object-hash
1659 silly ADD node_modules/normalize-path
1660 silly ADD node_modules/micromatch
1661 silly ADD node_modules/lilconfig
1662 silly ADD node_modules/jiti
1663 silly ADD node_modules/is-glob
1664 silly ADD node_modules/glob-parent
1665 silly ADD node_modules/fast-glob
1666 silly ADD node_modules/fast-glob/node_modules/glob-parent
1667 silly ADD node_modules/dlv
1668 silly ADD node_modules/didyoumean
1669 silly ADD node_modules/chokidar
1670 silly ADD node_modules/chokidar/node_modules/glob-parent
1671 silly ADD node_modules/arg
1672 silly ADD node_modules/@alloc/quick-lru
1673 silly ADD node_modules/react-router
1674 silly ADD node_modules/@remix-run/router
1675 silly ADD node_modules/scheduler
1676 silly ADD node_modules/loose-envify
1677 silly ADD node_modules/source-map-js
1678 silly ADD node_modules/nanoid
1679 silly ADD node_modules/yallist
1680 silly ADD node_modules/ms
1681 silly ADD node_modules/update-browserslist-db
1682 silly ADD node_modules/node-releases
1683 silly ADD node_modules/electron-to-chromium
1684 silly ADD node_modules/baseline-browser-mapping
1685 silly ADD node_modules/postcss-value-parser
1686 silly ADD node_modules/fraction.js
1687 silly ADD node_modules/caniuse-lite
1688 silly ADD node_modules/@types/babel__traverse
1689 silly ADD node_modules/@types/babel__template
1690 silly ADD node_modules/@types/babel__generator
1691 silly ADD node_modules/@jridgewell/resolve-uri
1692 silly ADD node_modules/@jridgewell/sourcemap-codec
1693 silly ADD node_modules/@babel/helper-string-parser
1694 silly ADD node_modules/@babel/helper-globals
1695 silly ADD node_modules/@babel/helper-plugin-utils
1696 silly ADD node_modules/@babel/helper-module-imports
1697 silly ADD node_modules/lru-cache
1698 silly ADD node_modules/browserslist
1699 silly ADD node_modules/@babel/helper-validator-option
1700 silly ADD node_modules/@babel/compat-data
1701 silly ADD node_modules/jsesc
1702 silly ADD node_modules/@jridgewell/trace-mapping
1703 silly ADD node_modules/@jridgewell/gen-mapping
1704 silly ADD node_modules/picocolors
1705 silly ADD node_modules/js-tokens
1706 silly ADD node_modules/@babel/helper-validator-identifier
1707 silly ADD node_modules/semver
1708 silly ADD node_modules/json5
1709 silly ADD node_modules/gensync
1710 silly ADD node_modules/debug
1711 silly ADD node_modules/convert-source-map
1712 silly ADD node_modules/@jridgewell/remapping
1713 silly ADD node_modules/@babel/types
1714 silly ADD node_modules/@babel/traverse
1715 silly ADD node_modules/@babel/template
1716 silly ADD node_modules/@babel/parser
1717 silly ADD node_modules/@babel/helpers
1718 silly ADD node_modules/@babel/helper-module-transforms
1719 silly ADD node_modules/@babel/helper-compilation-targets
1720 silly ADD node_modules/@babel/generator
1721 silly ADD node_modules/@babel/code-frame
1722 silly ADD node_modules/react-refresh
1723 silly ADD node_modules/@types/babel__core
1724 silly ADD node_modules/@rolldown/pluginutils
1725 silly ADD node_modules/@babel/plugin-transform-react-jsx-source
1726 silly ADD node_modules/@babel/plugin-transform-react-jsx-self
1727 silly ADD node_modules/@babel/core
1728 silly ADD node_modules/tailwindcss
1729 silly ADD node_modules/react-router-dom
1730 silly ADD node_modules/react-dom
1731 silly ADD node_modules/react
1732 silly ADD node_modules/postcss
1733 silly ADD node_modules/autoprefixer
1734 silly ADD node_modules/vite
1735 silly ADD node_modules/@vitejs/plugin-react
1736 verbose cwd D:\Downloads\ngo
1737 verbose os Windows_NT 10.0.26200
1738 verbose node v22.19.0
1739 verbose npm  v10.9.3
1740 verbose exit 0
1741 info ok
